site_number	laboriosa_position_1based	current_bombus_position_1based	laboriosa_and_current_bombus_state	other_apis_state	panel_taxon	panel_accession	panel_position_1based	panel_state	matches_laboriosa_and_current_bombus
1	44	41	N	D	Bombus terrestris	XP_020720494.1	41	N	True
1	44	41	N	D	Bombus impatiens	XP_024225097.1	41	D	False
1	44	41	N	D	Bombus bifarius	XP_033307208.1	41	D	False
1	44	41	N	D	Bombus vosnesenskii	XP_033351717.1	41	D	False
1	44	41	N	D	Bombus pyrosoma	XP_043591548.1	41	D	False
1	44	41	N	D	Bombus huntii	XP_050475552.1	41	D	False
1	44	41	N	D	Bombus affinis	XP_050600501.1	41	N	True
1	44	41	N	D	Bombus pascuorum	XP_060818789.1	42	N	True
2	159	161	S	P	Bombus terrestris	XP_020720494.1	161	S	True
2	159	161	S	P	Bombus impatiens	XP_024225097.1	161	S	True
2	159	161	S	P	Bombus bifarius	XP_033307208.1	161	S	True
2	159	161	S	P	Bombus vosnesenskii	XP_033351717.1	161	S	True
2	159	161	S	P	Bombus pyrosoma	XP_043591548.1	161	P	False
2	159	161	S	P	Bombus huntii	XP_050475552.1	161	S	True
2	159	161	S	P	Bombus affinis	XP_050600501.1	161	S	True
2	159	161	S	P	Bombus pascuorum	XP_060818789.1	158	S	True
3	232	234	I	V	Bombus terrestris	XP_020720494.1	234	I	True
3	232	234	I	V	Bombus impatiens	XP_024225097.1	234	I	True
3	232	234	I	V	Bombus bifarius	XP_033307208.1	234	I	True
3	232	234	I	V	Bombus vosnesenskii	XP_033351717.1	234	I	True
3	232	234	I	V	Bombus pyrosoma	XP_043591548.1	234	I	True
3	232	234	I	V	Bombus huntii	XP_050475552.1	234	I	True
3	232	234	I	V	Bombus affinis	XP_050600501.1	234	I	True
3	232	234	I	V	Bombus pascuorum	XP_060818789.1	231	I	True
4	353	355	A	G	Bombus terrestris	XP_020720494.1	355	A	True
4	353	355	A	G	Bombus impatiens	XP_024225097.1	355	A	True
4	353	355	A	G	Bombus bifarius	XP_033307208.1	355	A	True
4	353	355	A	G	Bombus vosnesenskii	XP_033351717.1	355	A	True
4	353	355	A	G	Bombus pyrosoma	XP_043591548.1	355	A	True
4	353	355	A	G	Bombus huntii	XP_050475552.1	355	A	True
4	353	355	A	G	Bombus affinis	XP_050600501.1	355	A	True
4	353	355	A	G	Bombus pascuorum	XP_060818789.1	352	A	True
