path	source_url	size_bytes	sha256
inputs/bbmap_package_catalog.json	https://api.anaconda.org/package/bioconda/bbmap	366616	3a36e93f99ce0f4e596f2b14ee195489c1e290b4498ff57b849f9ce11238cd09
inputs/ena_population_runs.tsv	https://www.ebi.ac.uk/ena/portal/api/filereport?accession=PRJNA931733&result=read_run&fields=run_accession,study_accession,sample_accession,sample_alias,library_name,scientific_name,instrument_model,library_strategy,library_source,library_layout,read_count,base_count,fastq_ftp,fastq_md5,fastq_bytes,submitted_ftp&format=tsv	20731	64fd502a9ded0b04c81022f372b7f1220732a2f4f38936d460589d9aaa2b2026
inputs/samples/SAMN33097017.xml	https://www.ebi.ac.uk/ena/browser/api/xml/SAMN33097017	2958	c7307f93d6a92c1586c9b667e985d7e36c148f325e2c6f0b3541e19349375a4f
inputs/samples/SAMN33097018.xml	https://www.ebi.ac.uk/ena/browser/api/xml/SAMN33097018	2958	10ac043b483e0515617672fd0418f5f89e3525dad44a3aa8dd63dbceadd5d20d
inputs/samples/SAMN33097019.xml	https://www.ebi.ac.uk/ena/browser/api/xml/SAMN33097019	2960	743d69c6edbe14a3af76bcf9afc367863c3dda7a81ef412f879e4d4fa4af7387
inputs/samples/SAMN33097020.xml	https://www.ebi.ac.uk/ena/browser/api/xml/SAMN33097020	2960	b14ee292bfb0706d44188d3b2fd285c4e891a9e1741b01bf5cec36fa29237852
inputs/samples/SAMN33097021.xml	https://www.ebi.ac.uk/ena/browser/api/xml/SAMN33097021	2960	44e73a80dce1d0d48183878c67047cf02796c5639f6c47dbf730f80780140dbd
inputs/samples/SAMN33097022.xml	https://www.ebi.ac.uk/ena/browser/api/xml/SAMN33097022	2960	d76c3527434394e595e6ad2ec7eccb9d19beb3660858582b0f10e9f3966a91b4
inputs/samples/SAMN33097023.xml	https://www.ebi.ac.uk/ena/browser/api/xml/SAMN33097023	2960	9c86d719b91cc19cebf8dd4a96c43b98b36d74ae05a25be2febb4ba703d3cfa4
inputs/samples/SAMN33097024.xml	https://www.ebi.ac.uk/ena/browser/api/xml/SAMN33097024	2942	267a64cc45e99fe2f54e9f25c9a5d120989b4ad9746bdd113eea0897dd275fd1
inputs/samples/SAMN33097025.xml	https://www.ebi.ac.uk/ena/browser/api/xml/SAMN33097025	2942	3b5c0fa8587d6342f2c975a6018f7d483e600d67146dcdb36c2f99be45c1c69e
inputs/samples/SAMN33097026.xml	https://www.ebi.ac.uk/ena/browser/api/xml/SAMN33097026	2942	445c9a8f9439fcce4bb95af26cb88845eff7b12186fdf5a4413a69e9ada47c0b
inputs/samples/SAMN33097027.xml	https://www.ebi.ac.uk/ena/browser/api/xml/SAMN33097027	2952	393eb0052cb65115003023e9e22fb6656a35c34bbc33f77db8b4b553523e999d
inputs/samples/SAMN33097028.xml	https://www.ebi.ac.uk/ena/browser/api/xml/SAMN33097028	2952	865304e242ec8b7cf8469a0a5523ba4792fe2f10c20844c6c74e6d561f035e94
inputs/samples/SAMN33097029.xml	https://www.ebi.ac.uk/ena/browser/api/xml/SAMN33097029	2952	4f182d899558ef5e7ecea403bfaf780ee734ebff527e09f3223b197922216271
inputs/samples/SAMN33097030.xml	https://www.ebi.ac.uk/ena/browser/api/xml/SAMN33097030	2954	ffb29393e7a9fa930d3b94204a0769d0cba64f683bf70d136f7286208fc46bf9
inputs/samples/SAMN33097031.xml	https://www.ebi.ac.uk/ena/browser/api/xml/SAMN33097031	2954	1ee859e0ead5c93a07b5ae4e37d22a69a18baa874857e5a96efe44567902629d
inputs/samples/SAMN33097032.xml	https://www.ebi.ac.uk/ena/browser/api/xml/SAMN33097032	2946	f4d7f007f2d859d24fb2bf6c4847b2cc7586310bea3f23dbdf83027c9ca5af66
inputs/samples/SAMN33097033.xml	https://www.ebi.ac.uk/ena/browser/api/xml/SAMN33097033	2946	2a246e90fd7b70e24f15372b1767d3f2d3654622afc05f0544321542daf55e5b
inputs/samples/SAMN33097034.xml	https://www.ebi.ac.uk/ena/browser/api/xml/SAMN33097034	2948	5a203ca4ee1c562d8daf3eddaaed0093e0c1207c524d12f985b67b5b422cf89a
inputs/samples/SAMN33097035.xml	https://www.ebi.ac.uk/ena/browser/api/xml/SAMN33097035	2948	29cd0bca7d90fb890dd5dead6b2d9334691ee10dbd2cc198aaf30769bbdf48da
inputs/samples/SAMN33097036.xml	https://www.ebi.ac.uk/ena/browser/api/xml/SAMN33097036	2951	21589fd5088ad20330271fc81361d85a70aae1db8d9932eed572b6c599856d50
inputs/samples/SAMN33097037.xml	https://www.ebi.ac.uk/ena/browser/api/xml/SAMN33097037	2951	1297369ea3d7bca43b3cb368bb0d41523da5b941f91f30e0387f9e0f2048491a
inputs/samples/SAMN33097038.xml	https://www.ebi.ac.uk/ena/browser/api/xml/SAMN33097038	2951	6cc854f216666177a0f82c2a889e94cbade9dd30913bde5536960a289603e86b
inputs/samples/SAMN33097039.xml	https://www.ebi.ac.uk/ena/browser/api/xml/SAMN33097039	2951	a059176c24a72b23c144e14b5fb6aa8d794229ae3a26941d932f7158e996bcd8
inputs/samples/SAMN33097040.xml	https://www.ebi.ac.uk/ena/browser/api/xml/SAMN33097040	2951	fdd4719e8db718e1eb32232c41db3f8be645d021b8339535ce17b62f4040c77b
inputs/samples/SAMN33097041.xml	https://www.ebi.ac.uk/ena/browser/api/xml/SAMN33097041	2951	6aa631ac812daaaf087992e13432a6d864376649dcf8e8ec19b95e513ce024af
inputs/samples/SAMN33097042.xml	https://www.ebi.ac.uk/ena/browser/api/xml/SAMN33097042	2951	8f9b96a3928e06d6a5e2756497e1063df5c2a8c8cfae6d23cc39f85feb9cd510
inputs/samples/SAMN33097043.xml	https://www.ebi.ac.uk/ena/browser/api/xml/SAMN33097043	2947	ad739b1860a468323b0b8f78e47e8732f27c22576e4874c2fce3959a144ff106
inputs/samples/SAMN33097044.xml	https://www.ebi.ac.uk/ena/browser/api/xml/SAMN33097044	2949	4725c9cca9e22690f293deb605ac455ec6b7fd4910157096dd8b198a8a46766b
inputs/samples/SAMN33097045.xml	https://www.ebi.ac.uk/ena/browser/api/xml/SAMN33097045	2958	5c5d1f1ddfd0e7e1891300d3edcb152d94185309cac7adfbd72759326806ecc4
inputs/samples/SAMN33097046.xml	https://www.ebi.ac.uk/ena/browser/api/xml/SAMN33097046	2958	1b08df623ce5e7debc34b70fa9005351136e2772f8ede230e62e829bf2020ecf
inputs/samples/SAMN33097047.xml	https://www.ebi.ac.uk/ena/browser/api/xml/SAMN33097047	2958	828a35d2b46f79912580e5ce09299749b5c61b8ad68b4cb1d24e1b4473a845af
inputs/samples/SAMN33097048.xml	https://www.ebi.ac.uk/ena/browser/api/xml/SAMN33097048	2958	1ba907a6b4ce2e2491bd18410935453733e00b2712bb0c91ed63c0be8ba05ddb
inputs/samples/SAMN33097049.xml	https://www.ebi.ac.uk/ena/browser/api/xml/SAMN33097049	2958	4766b4e38d3fca96f898f6ea2a77d2b82ca472f57bfed1e05ef7898676120be2
inputs/samples/SAMN33097050.xml	https://www.ebi.ac.uk/ena/browser/api/xml/SAMN33097050	2958	cdef7fbbd9c69fa3cbe1848aea183ec2aa3ab6ae2d21a3490ae6ee80e98ba21f
inputs/samples/SAMN33097051.xml	https://www.ebi.ac.uk/ena/browser/api/xml/SAMN33097051	2960	797696cabcae3a362222aaaa2557d946134d604befabef2113b56a3c863457fd
inputs/samples/SAMN33097052.xml	https://www.ebi.ac.uk/ena/browser/api/xml/SAMN33097052	2960	00c70d252154fb728a552b33187f98e9c9e49b623eea2a6af0ff79b7fb6cd547
inputs/samples/SAMN33097053.xml	https://www.ebi.ac.uk/ena/browser/api/xml/SAMN33097053	2960	8f2525010a5935c1bf1cbc5efa77e3e40bd555fc6cca4ff7220dfb50e27ff50d
inputs/samples/SAMN33097054.xml	https://www.ebi.ac.uk/ena/browser/api/xml/SAMN33097054	2960	97670dabe0530c96f78c6e4958d7b3bf623cfae27c43ab86d4d77e51bc571a8d
inputs/samples/SAMN33097055.xml	https://www.ebi.ac.uk/ena/browser/api/xml/SAMN33097055	2960	b7d7e22cd41f87bd94b39a3bb21918105b70e64901094ccec9be6dcd2ed2687b
inputs/samples/SAMN33097056.xml	https://www.ebi.ac.uk/ena/browser/api/xml/SAMN33097056	2960	c64f876380bd416a2256c2f83daae75ea0f89c890734fa0b2322e45f405f0a83
inputs/samples/SAMN33097057.xml	https://www.ebi.ac.uk/ena/browser/api/xml/SAMN33097057	2962	a9ae1ff0f71accf0dbe13225aa8c4fe83d3021e2357a69130af9a7715ea0873c
inputs/samples/SAMN33097058.xml	https://www.ebi.ac.uk/ena/browser/api/xml/SAMN33097058	2962	7275d3f7a882b479ec6f8fd976cd4d8f447dc37b63055122f8bc881afdb9796b
inputs/samples/SAMN33097059.xml	https://www.ebi.ac.uk/ena/browser/api/xml/SAMN33097059	2962	56084c85a3bd8820db41aa2486ba767e16ece1e07788022d954c8803ef905c33
inputs/samples/SAMN33097060.xml	https://www.ebi.ac.uk/ena/browser/api/xml/SAMN33097060	2960	a41a0c065c4d42ea02857d0c62c5ee0b41a5654f8ce00ddae2ffb79b7c27a7c3
inputs/samples/SAMN33097061.xml	https://www.ebi.ac.uk/ena/browser/api/xml/SAMN33097061	2960	837d2d57bcd5feeed1e48d1e6d38985aff35a0cc31a0736fa5ac0b2a5dfb9fa9
inputs/samples/SAMN33097062.xml	https://www.ebi.ac.uk/ena/browser/api/xml/SAMN33097062	2960	848e05df9e0532aef2eae035e128e6e64d55638bba55092a4ebb76a4aad333fe
inputs/samples/SAMN33097063.xml	https://www.ebi.ac.uk/ena/browser/api/xml/SAMN33097063	2962	aec1a2926194e0ebfacb2d6b03d1b272f773a858d8f478b6bbf30407f610dd23
inputs/samples/SAMN33097064.xml	https://www.ebi.ac.uk/ena/browser/api/xml/SAMN33097064	2959	7f24774e0998beebbb7f68e3208777e0fc3ee89da53f942263559ff2f855aff2
inputs/samples/SAMN33097065.xml	https://www.ebi.ac.uk/ena/browser/api/xml/SAMN33097065	2959	8ee990db5db126db66068e917e90fa018d7ee801e35cc36a4cf11a57f9fca34e
inputs/samples/SAMN33097066.xml	https://www.ebi.ac.uk/ena/browser/api/xml/SAMN33097066	2959	f6f26d67ced501766244ec2edd05d544299b0cbb78e91f837488571729cc131e
inputs/samples/SAMN33097067.xml	https://www.ebi.ac.uk/ena/browser/api/xml/SAMN33097067	2959	2195be46f7e21b7e1c48036b5f6452eba687af7494116de570e832ba036ad8fb
inputs/samples/SAMN33097068.xml	https://www.ebi.ac.uk/ena/browser/api/xml/SAMN33097068	2959	169ebdbdea02cacaedd0fd69e9743dbc4283653ff74584d85091be44d6aaca2e
inputs/samples/SAMN33097069.xml	https://www.ebi.ac.uk/ena/browser/api/xml/SAMN33097069	2959	edd6757e521c1e158f9db1c308bbb2dddbb3f37dab104714de48aa4ee4eaa71c
inputs/samples/SAMN33097070.xml	https://www.ebi.ac.uk/ena/browser/api/xml/SAMN33097070	2959	dddfb134b21a60a60a5cf6dadb929e3ba20be5830db21850013e1b579077f816
inputs/samples/SAMN33097071.xml	https://www.ebi.ac.uk/ena/browser/api/xml/SAMN33097071	2959	c1d89a387602b9994e70f5222449074147406b441c08aa800f1e6334283c8463
inputs/samples/SAMN33097072.xml	https://www.ebi.ac.uk/ena/browser/api/xml/SAMN33097072	2959	38ab45ed88f50c39f7b5582c55afd9e9984ef9489671d4516107dd2d07b888f9
inputs/samples/SAMN33097073.xml	https://www.ebi.ac.uk/ena/browser/api/xml/SAMN33097073	2959	ec582150bb9fdd763a40d06d1ca74b2c8a9c9df9acb7ca4bb77db7b8f0aee13f
