species	accession	gene	reference_aa	global_blosum62_score	paired_columns	identity_in_paired_columns	identical_aa	candidate_paired_fraction
Drosophila_melanogaster	I0C0M5	CG7627-RA	1355	3605.0	1307	0.5485845447589901	717	0.9782934131736527
Drosophila_melanogaster	Q9VLN6	Dme_CG7627	1355	3605.0	1307	0.5485845447589901	717	0.9782934131736527
Drosophila_melanogaster	B3DN70	CG7627-RA	1355	3600.0	1307	0.5485845447589901	717	0.9782934131736527
Drosophila_melanogaster	Q9VDT3	Mrp5	1362	3539.5	1297	0.5489591364687741	712	0.9708083832335329
Drosophila_melanogaster	A0A0B4KGI0	Mrp5	1408	3516.5	1297	0.5489591364687741	712	0.9708083832335329
Drosophila_melanogaster	A0ACM8PXM3	BEST:CK01227	1316	3307.0	1284	0.5155763239875389	662	0.9610778443113772
Drosophila_melanogaster	Q9VGM1	Mrp4	1316	3307.0	1284	0.5155763239875389	662	0.9610778443113772
Drosophila_melanogaster	Q7KT22	Dme_CG9270	1292	3259.5	1267	0.5153906866614049	653	0.9483532934131736
Drosophila_melanogaster	Q9VJ21	CG17338	1323	3210.5	1292	0.5030959752321982	650	0.9670658682634731
Drosophila_melanogaster	Q7KT41	CG17338	1307	3206.5	1282	0.5085803432137286	652	0.9595808383233533
Drosophila_melanogaster	Q8MT77	CG17338	1307	3206.5	1282	0.5085803432137286	652	0.9595808383233533
Drosophila_melanogaster	P91660	l(2)03659	1374	3038.0	1273	0.49096622152395913	625	0.9528443113772455
Drosophila_melanogaster	A0A0B4KEG2	l(2)03659	1374	3033.0	1273	0.49018067556952083	624	0.9528443113772455
Drosophila_melanogaster	X2JAE9	CG10441	1213	2997.5	1188	0.5193602693602694	617	0.8892215568862275
Drosophila_melanogaster	Q9VIG9	CG9270-RA	1145	2939.0	1120	0.5330357142857143	597	0.8383233532934131
Drosophila_melanogaster	Q7YU06		1145	2938.0	1120	0.5330357142857143	597	0.8383233532934131
Drosophila_melanogaster	A4V3K8	rdog	1374	2908.5	1299	0.46728252501924555	607	0.9723053892215568
Drosophila_melanogaster	Q961D3	rdog	1374	2908.5	1299	0.46728252501924555	607	0.9723053892215568
Drosophila_melanogaster	I0C0M1	CG5789-RA	1402	2885.0	1277	0.47768206734534063	610	0.9558383233532934
Drosophila_melanogaster	Q9VC63	Cftr	1402	2885.0	1277	0.47768206734534063	610	0.9558383233532934
Drosophila_melanogaster	A8WHL5	CG5789	1402	2880.0	1277	0.4768989819890368	609	0.9558383233532934
Drosophila_melanogaster	Q9W2I5	Dmel\CG10505	1312	2761.0	1273	0.45326001571091906	577	0.9528443113772455
Drosophila_melanogaster	F9W327	CG10505-RA	1317	2744.0	1273	0.4509033778476041	574	0.9528443113772455
Drosophila_melanogaster	Q960T8	CG17338	1074	2574.5	1049	0.5252621544327931	551	0.7851796407185628
Drosophila_melanogaster	Q9VAN4	Dmel\CG11898	1320	2520.5	1280	0.41640625	533	0.9580838323353293
Drosophila_melanogaster	F2FB92	CG31792-RA	1011	2242.0	979	0.5250255362614913	514	0.7327844311377245
Drosophila_melanogaster	Q7KTC1	MRP	1548	1907.5	1260	0.37857142857142856	477	0.9431137724550899
Drosophila_melanogaster	Q7KTB7	MRP	1548	1906.5	1260	0.3746031746031746	472	0.9431137724550899
Drosophila_melanogaster	Q7KTC3	MRP	1548	1906.5	1260	0.37777777777777777	476	0.9431137724550899
Drosophila_melanogaster	Q7KTC8	MRP	1548	1906.5	1260	0.37857142857142856	477	0.9431137724550899
Drosophila_melanogaster	Q7KTB9	MRP	1548	1905.5	1260	0.3738095238095238	471	0.9431137724550899
Drosophila_melanogaster	Q7KTC4	MRP	1548	1905.5	1260	0.3746031746031746	472	0.9431137724550899
Drosophila_melanogaster	Q7KTD0	MRP	1548	1905.5	1260	0.37777777777777777	476	0.9431137724550899
Drosophila_melanogaster	Q7KTC6	MRP	1548	1904.5	1260	0.3738095238095238	471	0.9431137724550899
Drosophila_melanogaster	Q7KTC2	MRP	1548	1892.5	1259	0.374900714853058	472	0.9423652694610778
Drosophila_melanogaster	Q7KTC9	MRP	1548	1891.5	1259	0.374900714853058	472	0.9423652694610778
Drosophila_melanogaster	Q9I7N0	MRP	1548	1890.5	1260	0.37222222222222223	469	0.9431137724550899
Drosophila_melanogaster	U3RH07	MRP-RB	1548	1890.5	1260	0.37222222222222223	469	0.9431137724550899
Drosophila_melanogaster	Q7KTC7	MRP	1548	1889.5	1260	0.37222222222222223	469	0.9431137724550899
Drosophila_melanogaster	Q7KTC0	MRP	1549	1881.5	1253	0.37749401436552277	473	0.937874251497006
Drosophila_melanogaster	Q8T9C5	MRP	1548	1880.5	1260	0.37063492063492065	467	0.9431137724550899
Drosophila_melanogaster	Q9VK56	MRP	1549	1880.5	1253	0.37749401436552277	473	0.937874251497006
Drosophila_melanogaster	Q7KTB8	MRP	1548	1845.5	1249	0.37389911929543634	467	0.9348802395209581
Drosophila_melanogaster	Q7KTC5	MRP	1548	1844.5	1249	0.37389911929543634	467	0.9348802395209581
Drosophila_melanogaster	A0A0S0WIA2	MRP	1492	1726.0	1204	0.3754152823920266	452	0.9011976047904192
Drosophila_melanogaster	Q7K4E4		1487	1421.5	1230	0.34471544715447155	424	0.9206586826347305
Drosophila_melanogaster	Q9VLP5	Dmel\CG7806	1487	1421.5	1230	0.34471544715447155	424	0.9206586826347305
Drosophila_melanogaster	Q9VL32	Sur	2223	1241.0	1264	0.3694620253164557	467	0.9461077844311377
Homo_sapiens	O15439	ABCC4	1325	2932.0	1267	0.47513812154696133	602	0.9483532934131736
Homo_sapiens	Q92887	ABCC2	1545	1958.5	1251	0.3932853717026379	492	0.936377245508982
Homo_sapiens	P33527	ABCC1	1531	1924.0	1251	0.39728217426059154	497	0.936377245508982
Homo_sapiens	P13569	CFTR	1480	1870.0	1270	0.36141732283464567	459	0.9505988023952096
Homo_sapiens	O15438	ABCC3	1527	1857.5	1249	0.38030424339471575	475	0.9348802395209581
Homo_sapiens	O15440	ABCC5	1437	1853.5	1255	0.37928286852589643	476	0.9393712574850299
Homo_sapiens	Q96J65	ABCC12	1359	1780.5	1246	0.3667736757624398	457	0.9326347305389222
Homo_sapiens	Q96J66	ABCC11	1382	1750.0	1251	0.37569944044764186	470	0.936377245508982
Homo_sapiens	O60706	ABCC9	1549	1579.0	1266	0.3467614533965245	439	0.9476047904191617
Homo_sapiens	Q5T3U5	ABCC10	1492	1507.0	1203	0.36990856192851207	445	0.9004491017964071
Homo_sapiens	Q09428	ABCC8	1581	1502.0	1279	0.3408913213448006	436	0.9573353293413174
Homo_sapiens	O95255	ABCC6	1503	1501.0	1239	0.3583535108958838	444	0.9273952095808383
