eastern_original_scaffold	eastern_accession	eastern_probe_min_position	eastern_probe_max_position	refseq_gene_parent	refseq_gene_name	refseq_scaffold	refseq_start	refseq_end	strand	product	exact_probe_hits	total_probes	probe_fraction	refseq_sodium_related_go_terms	refseq_sodium_go_match	sodium_or_ion_keyword
scaffold_8	GWHAOTM00000008	614779	631211	gene-LOC122714529	LOC122714529	NW_025222776.1	1597221	1615931	+	sodium channel protein 60E-like, transcript variant X1	16	16	1.000000	GO:0005248,GO:0035725	True	True
scaffold_8	GWHAOTM00000008	660734	661313	gene-LOC122714475	LOC122714475	NW_025222776.1	1568717	1570049	+	COMM domain-containing protein 3-like, transcript variant X1	3	3	1.000000	GO:0006814	True	False
scaffold_8	GWHAOTM00000008	1776857	1812910	gene-LOC122714442	LOC122714442	NW_025222776.1	428794	465207	-	V-type proton ATPase 116 kDa subunit a1, transcript variant X1	14	14	1.000000		False	True
scaffold_8	GWHAOTM00000008	1766688	1776163	gene-LOC122714463	LOC122714463	NW_025222776.1	465546	475232	+	ATPase H(+)-transporting accessory protein 2, transcript variant X1	9	9	1.000000		False	True
scaffold_8	GWHAOTM00000008	1556760	1674006	gene-LOC122714514	LOC122714514	NW_025222776.1	566914	689517	+	calcium-activated potassium channel slowpoke, transcript variant X1	16	16	1.000000		False	False
scaffold_8	GWHAOTM00000008	587767	595668	gene-LOC122714542	LOC122714542	NW_025222776.1	1632812	1642223	-	cilia- and flagella-associated protein 44	16	16	1.000000		False	False
scaffold_8	GWHAOTM00000008	901024	915575	gene-LOC122714484	LOC122714484	NW_025222776.1	1322599	1338339	+	ectopic P granules protein 5 homolog, transcript variant X1	16	16	1.000000		False	False
scaffold_8	GWHAOTM00000008	566260	571019	gene-LOC122714520	LOC122714520	NW_025222776.1	1658641	1663779	-	putative ATP-dependent RNA helicase TDRD12, transcript variant X1	16	16	1.000000		False	False
scaffold_8	GWHAOTM00000008	641387	645139	gene-LOC122714447	LOC122714447	NW_025222776.1	1584554	1589189	+	uncharacterized LOC122714447, transcript variant X1	16	16	1.000000		False	False
scaffold_8	GWHAOTM00000008	1025599	1499702	gene-LOC122714530	LOC122714530	NW_025222776.1	738878	1215827	-	SAM and SH3 domain-containing protein 1-like, transcript variant X1	15	16	0.937500		False	False
scaffold_8	GWHAOTM00000008	2019478	2049510	gene-LOC122714456	LOC122714456	NW_025222776.1	191997	223479	-	protein RUFY3-like, transcript variant X1	15	15	1.000000		False	False
scaffold_8	GWHAOTM00000008	672781	687465	gene-LOC122714496	LOC122714496	NW_025222776.1	1542599	1557914	+	uncharacterized LOC122714496	15	16	0.937500		False	False
scaffold_8	GWHAOTM00000008	1982155	2015238	gene-LOC122714466	LOC122714466	NW_025222776.1	226843	260331	+	soluble guanylate cyclase 89Db-like	14	16	0.875000		False	False
scaffold_8	GWHAOTM00000008	572200	582282	gene-LOC122714518	LOC122714518	NW_025222776.1	1647531	1658065	+	zinc finger protein 62 homolog	14	14	1.000000		False	False
scaffold_8	GWHAOTM00000008	474862	486254	gene-LOC122714531	LOC122714531	NW_025222776.1	1742744	1761912	-	septin-2, transcript variant X1	12	12	1.000000		False	False
scaffold_8	GWHAOTM00000008	1678638	1681973	gene-LOC122714512	LOC122714512	NW_025222776.1	559689	563506	-	set1/Ash2 histone methyltransferase complex subunit ASH2, transcript variant X1	12	12	1.000000		False	False
scaffold_8	GWHAOTM00000008	635477	638430	gene-LOC122714448	LOC122714448	NW_025222776.1	1589689	1595068	+	H(+)/Cl(-) exchange transporter 5, transcript variant X1	10	11	0.909091		False	False
scaffold_8	GWHAOTM00000008	308450	324340	gene-LOC122714457	LOC122714457	NW_025222776.1	1904739	1926388	-	gamma-aminobutyric acid receptor alpha-like	10	10	1.000000		False	False
scaffold_8	GWHAOTM00000008	284312	296297	gene-LOC122714438	LOC122714438	NW_025222776.1	1931207	1945109	+	gamma-aminobutyric acid receptor subunit beta-like, transcript variant X1	10	10	1.000000		False	False
scaffold_8	GWHAOTM00000008	218576	227263	gene-LOC122714455	LOC122714455	NW_025222776.1	2000448	2010091	-	rab proteins geranylgeranyltransferase component A 1	10	11	0.909091		False	False
scaffold_8	GWHAOTM00000008	1814997	1826772	gene-LOC122714545	LOC122714545	NW_025222776.1	414928	427074	-	glycerol-3-phosphate dehydrogenase [NAD(+)], cytoplasmic-like, transcript variant X1	9	9	1.000000		False	False
scaffold_8	GWHAOTM00000008	814700	851744	gene-LOC122714508	LOC122714508	NW_025222776.1	1386624	1496790	+	protein TAPT1 homolog, transcript variant X1	9	9	1.000000		False	False
scaffold_8	GWHAOTM00000008	889200	892170	gene-LOC122714450	LOC122714450	NW_025222776.1	1345851	1350258	+	protein fem-1 homolog B-like, transcript variant X1	9	9	1.000000		False	False
scaffold_8	GWHAOTM00000008	190381	194569	gene-LOC122714481	LOC122714481	NW_025222776.1	2033992	2038981	-	rap1 GTPase-GDP dissociation stimulator 1-B	9	9	1.000000		False	False
scaffold_8	GWHAOTM00000008	525643	530820	gene-LOC122714539	LOC122714539	NW_025222776.1	1698510	1704250	-	DNA replication licensing factor MCM4-like, transcript variant X1	8	8	1.000000		False	False
scaffold_8	GWHAOTM00000008	552812	556329	gene-LOC122714526	LOC122714526	NW_025222776.1	1670013	1677242	+	coiled-coil domain-containing protein 40	8	8	1.000000		False	False
scaffold_8	GWHAOTM00000008	542887	545050	gene-LOC122714490	LOC122714490	NW_025222776.1	1684784	1687131	-	kelch domain-containing protein 4-like	8	8	1.000000		False	False
scaffold_8	GWHAOTM00000008	1535293	1538824	gene-LOC122714433	LOC122714433	NW_025222776.1	700026	705814	+	lipid storage droplets surface-binding protein 1, transcript variant X1	8	8	1.000000		False	False
scaffold_8	GWHAOTM00000008	646957	649478	gene-LOC122714474	LOC122714474	NW_025222776.1	1580799	1583513	+	uncharacterized LOC122714474	8	8	1.000000		False	False
scaffold_8	GWHAOTM00000008	894111	897130	gene-LOC122714416	LOC122714416	NW_025222776.1	1340818	1345154	-	ATP-dependent RNA helicase DHX8, transcript variant X1	7	7	1.000000		False	False
scaffold_8	GWHAOTM00000008	232095	245421	gene-LOC122714460	LOC122714460	NW_025222776.1	1983422	1996912	+	FAD-dependent oxidoreductase domain-containing protein 1, transcript variant X1	7	7	1.000000		False	False
scaffold_8	GWHAOTM00000008	1827557	1839454	gene-LOC122714527	LOC122714527	NW_025222776.1	401735	414848	-	glycerol-3-phosphate dehydrogenase [NAD(+)], cytoplasmic-like	7	7	1.000000		False	False
scaffold_8	GWHAOTM00000008	584117	585488	gene-LOC122714523	LOC122714523	NW_025222776.1	1644240	1645952	+	heparin sulfate O-sulfotransferase-like	7	7	1.000000		False	False
scaffold_8	GWHAOTM00000008	1851130	1854851	gene-LOC122714429	LOC122714429	NW_025222776.1	384144	392412	-	heterogeneous nuclear ribonucleoprotein A1, A2/B1 homolog, transcript variant X1	7	7	1.000000		False	False
scaffold_8	GWHAOTM00000008	2062602	2234440	gene-LOC122714458	LOC122714458	NW_025222776.1	7914	180434	-	lachesin-like	7	8	0.875000		False	False
scaffold_8	GWHAOTM00000008	561426	565137	gene-LOC122714521	LOC122714521	NW_025222776.1	1664165	1669120	+	protein PFF0380w-like, transcript variant X1	7	7	1.000000		False	False
scaffold_8	GWHAOTM00000008	1965902	1970496	gene-LOC122714469	LOC122714469	NW_025222776.1	271471	276794	+	trypsin-1, transcript variant X1	7	7	1.000000		False	False
scaffold_8	GWHAOTM00000008	885201	886632	gene-LOC122714464	LOC122714464	NW_025222776.1	1352246	1354029	+	Werner Syndrome-like exonuclease, transcript variant X1	6	6	1.000000		False	False
scaffold_8	GWHAOTM00000008	515612	518178	gene-LOC122714454	LOC122714454	NW_025222776.1	1710740	1714055	+	dynein axonemal assembly factor 5, transcript variant X1	6	6	1.000000		False	False
scaffold_8	GWHAOTM00000008	535435	540494	gene-LOC122714435	LOC122714435	NW_025222776.1	1688455	1694235	+	exocyst complex component 7	6	6	1.000000		False	False
scaffold_8	GWHAOTM00000008	210672	216195	gene-LOC122714425	LOC122714425	NW_025222776.1	2010866	2017960	-	lipase 3-like	6	6	1.000000		False	False
scaffold_8	GWHAOTM00000008	519215	521351	gene-LOC122714541	LOC122714541	NW_025222776.1	1707967	1710526	+	phosphoribosyl pyrophosphate synthase-associated protein 2, transcript variant X1	6	6	1.000000		False	False
scaffold_8	GWHAOTM00000008	1992388	1996467	gene-LOC122714470	LOC122714470	NW_025222776.1	245985	249915	-	trypsin-1-like	6	7	0.857143		False	False
scaffold_8	GWHAOTM00000008	2261961	2322695	gene-LOC122713162	LOC122713162	NW_025222420.1	571033	632158	+	uncharacterized LOC122713162, transcript variant X1	6	6	1.000000		False	False
scaffold_8	GWHAOTM00000008	1686131	1761875	gene-LOC122714459	LOC122714459	NW_025222776.1	479654	555976	+	uncharacterized LOC122714459, transcript variant X1	6	6	1.000000		False	False
scaffold_8	GWHAOTM00000008	1961271	1964150	gene-LOC122714471	LOC122714471	NW_025222776.1	277886	281308	+	vitamin K-dependent protein C-like	6	7	0.857143		False	False
scaffold_8	GWHAOTM00000008	1845291	1847562	gene-LOC122714482	LOC122714482	NW_025222776.1	394062	397026	-	zinc finger protein 184-like	6	6	1.000000		False	False
scaffold_8	GWHAOTM00000008	202382	206033	gene-LOC122714462	LOC122714462	NW_025222776.1	2021563	2026077	+	zinc finger protein ztf-16	6	6	1.000000		False	False
scaffold_8	GWHAOTM00000008	583032	583760	gene-LOC122714524	LOC122714524	NW_025222776.1	1645945	1647668	-	N-terminal Xaa-Pro-Lys N-methyltransferase 1, transcript variant X1	5	5	1.000000		False	False
scaffold_8	GWHAOTM00000008	598751	599857	gene-LOC122714537	LOC122714537	NW_025222776.1	1629418	1631583	-	TATA-box-binding protein, transcript variant X1	5	5	1.000000		False	False
scaffold_8	GWHAOTM00000008	2341208	2372619	gene-LOC122713166	LOC122713166	NW_025222420.1	2867	555016	+	autophagy-related protein 16-1, transcript variant X1	5	13	0.384615		False	False
scaffold_8	GWHAOTM00000008	334496	342250	gene-LOC122714500	LOC122714500	NW_025222776.1	1852176	1897366	+	ets DNA-binding protein pokkuri, transcript variant X1	5	5	1.000000		False	False
scaffold_8	GWHAOTM00000008	1829784	1834818	gene-LOC122714528	LOC122714528	NW_025222776.1	407012	412345	+	peroxiredoxin-6-like	5	5	1.000000		False	False
scaffold_8	GWHAOTM00000008	1972970	1977903	gene-LOC122714468	LOC122714468	NW_025222776.1	264198	269370	+	trypsin-1-like	5	6	0.833333		False	False
scaffold_8	GWHAOTM00000008	253311	255252	gene-LOC122714497	LOC122714497	NW_025222776.1	1973507	1975809	-	uncharacterized LOC122714497	5	5	1.000000		False	False
scaffold_8	GWHAOTM00000008	603096	604214	gene-LOC122714505	LOC122714505	NW_025222776.1	1625648	1626963	+	uncharacterized LOC122714505	5	5	1.000000		False	False
scaffold_8	GWHAOTM00000008	103648	106376	gene-LOC122714498	LOC122714498	NW_025222776.1	2122087	2125185	+	60S ribosome subunit biogenesis protein NIP7 homolog	4	4	1.000000		False	False
scaffold_8	GWHAOTM00000008	1682278	1683423	gene-LOC122714513	LOC122714513	NW_025222776.1	558270	559657	+	DNA-binding transcriptional regulator BolA	4	4	1.000000		False	False
scaffold_8	GWHAOTM00000008	654249	657184	gene-LOC122714420	LOC122714420	NW_025222776.1	1571365	1577697	-	GATA zinc finger domain-containing protein 7-like, transcript variant X1	4	4	1.000000		False	False
scaffold_8	GWHAOTM00000008	1840985	1843179	gene-LOC122714495	LOC122714495	NW_025222776.1	397790	401059	+	complex III assembly factor LYRM7-like	4	4	1.000000		False	False
scaffold_8	GWHAOTM00000008	600770	601771	gene-LOC122714538	LOC122714538	NW_025222776.1	1627693	1629372	+	exosome complex component MTR3-like, transcript variant X1	4	4	1.000000		False	False
scaffold_8	GWHAOTM00000008	488274	490383	gene-LOC122714532	LOC122714532	NW_025222776.1	1733503	1742422	+	fructose-1,6-bisphosphatase 1, transcript variant X1	4	4	1.000000		False	False
scaffold_8	GWHAOTM00000008	925911	929152	gene-LOC122714504	LOC122714504	NW_025222776.1	1309806	1313347	-	glycerate kinase-like	4	4	1.000000		False	False
scaffold_8	GWHAOTM00000008	1865612	1872170	gene-LOC122714501	LOC122714501	NW_025222776.1	369788	376558	+	homeobox protein rough-like	4	4	1.000000		False	False
scaffold_8	GWHAOTM00000008	1901205	1940538	gene-LOC122714486	LOC122714486	NW_025222776.1	300518	341130	-	muscarinic acetylcholine receptor gar-2	4	4	1.000000		False	False
scaffold_8	GWHAOTM00000008	1957813	1958884	gene-LOC122714467	LOC122714467	NW_025222776.1	282869	285666	-	probable ATP-dependent helicase PF08_0048, transcript variant X1	4	4	1.000000		False	False
scaffold_8	GWHAOTM00000008	256128	257385	gene-LOC122714487	LOC122714487	NW_025222776.1	1971403	1973064	+	transmembrane protein 41 homolog	4	4	1.000000		False	False
scaffold_8	GWHAOTM00000008	268741	282079	gene-LOC122714483	LOC122714483	NW_025222776.1	1946243	1970382	-	tumor necrosis factor receptor superfamily member wengen	4	4	1.000000		False	False
scaffold_8	GWHAOTM00000008	2555638	2634707	gene-LOC122713165	LOC122713165	NW_025222420.1	260593	339550	-	uncharacterized LOC122713165	4	5	0.800000		False	False
scaffold_8	GWHAOTM00000008	248185	249736	gene-LOC122714488	LOC122714488	NW_025222776.1	1978522	1980951	+	uncharacterized LOC122714488	4	4	1.000000		False	False
scaffold_8	GWHAOTM00000008	586808	587274	gene-LOC122714543	LOC122714543	NW_025222776.1	1642274	1643263	+	AP-2 complex subunit sigma	3	3	1.000000		False	False
scaffold_8	GWHAOTM00000008	608063	608692	gene-LOC122716736	LOC122716736	NW_025223476.1	389	1213	-	NADH dehydrogenase [ubiquinone] iron-sulfur protein 4, mitochondrial	3	3	1.000000		False	False
scaffold_8	GWHAOTM00000008	692054	693748	gene-LOC122714461	LOC122714461	NW_025222776.1	1536727	1539608	-	SCY1-like protein 2	3	3	1.000000		False	False
scaffold_8	GWHAOTM00000008	1520135	1520854	gene-LOC122714506	LOC122714506	NW_025222776.1	718927	720555	+	lipid storage droplets surface-binding protein 2-like	3	3	1.000000		False	False
scaffold_8	GWHAOTM00000008	1524096	1525036	gene-LOC122714485	LOC122714485	NW_025222776.1	713519	717151	+	lipid storage droplets surface-binding protein 2-like, transcript variant X1	3	4	0.750000		False	False
scaffold_8	GWHAOTM00000008	1529570	1530854	gene-LOC122714489	LOC122714489	NW_025222776.1	707852	711454	+	lipid storage droplets surface-binding protein 2-like, transcript variant X1	3	3	1.000000		False	False
scaffold_8	GWHAOTM00000008	533069	534071	gene-LOC122714437	LOC122714437	NW_025222776.1	1694195	1696961	-	ras-related protein Rac1	3	3	1.000000		False	False
scaffold_8	GWHAOTM00000008	513389	514149	gene-LOC122714480	LOC122714480	NW_025222776.1	1714520	1716359	+	rho GDP-dissociation inhibitor 2	3	3	1.000000		False	False
scaffold_8	GWHAOTM00000008	328859	331446	gene-LOC122714502	LOC122714502	NW_025222776.1	1897602	1900598	-	single-stranded DNA-binding protein, mitochondrial	3	3	1.000000		False	False
scaffold_8	GWHAOTM00000008	669278	669511	gene-LOC122714507	LOC122714507	NW_025222776.1	1560720	1561527	-	uncharacterized LOC122714507, transcript variant X1	3	3	1.000000		False	False
scaffold_8	GWHAOTM00000008	251020	251815	gene-LOC122714503	LOC122714503	NW_025222776.1	1976883	1978007	-	NADH dehydrogenase [ubiquinone] 1 beta subcomplex subunit 9	2	2	1.000000		False	False
scaffold_8	GWHAOTM00000008	499908	501299	gene-LOC122714453	LOC122714453	NW_025222776.1	1726735	1729971	-	RNA-binding protein spenito	2	2	1.000000		False	False
scaffold_8	GWHAOTM00000008	87922	90143	gene-LOC122714444	LOC122714444	NW_025222776.1	2137299	2147139	-	elongation of very long chain fatty acids protein 6-like	2	2	1.000000		False	False
scaffold_8	GWHAOTM00000008	179025	179806	gene-LOC122714544	LOC122714544	NW_025222776.1	2047881	2119029	-	elongation of very long chain fatty acids protein 6-like, transcript variant X1	2	2	1.000000		False	False
scaffold_8	GWHAOTM00000008	2260529	2260914	gene-LOC122713163	LOC122713163	NW_025222420.1	632446	633243	-	prefoldin subunit 5	2	2	1.000000		False	False
scaffold_8	GWHAOTM00000008	487475	487897	gene-LOC122714534	LOC122714534	NW_025222776.1	1741347	1742438	-	pro-resilin-like	2	2	1.000000		False	False
scaffold_8	GWHAOTM00000008	919117	919811	gene-LOC122714446	LOC122714446	NW_025222776.1	1316756	1320507	-	ribosome biogenesis protein NOP53	2	3	0.666667		False	False
scaffold_8	GWHAOTM00000008	1547509	1549246	gene-LOC122714427	LOC122714427	NW_025222776.1	690113	693844	-	uncharacterized LOC122714427	2	2	1.000000		False	False
scaffold_8	GWHAOTM00000008	1676151	1678144	gene-LOC122714515	LOC122714515	NW_025222776.1	563621	565883	-	uncharacterized LOC122714515	2	2	1.000000		False	False
scaffold_25	GWHAOTM00000025	1824702	1828123	gene-LOC122718769	LOC122718769	NW_025224135.1	1455905	1459486	+	sodium channel protein Nach-like, transcript variant X1	12	12	1.000000	GO:0015280,GO:0035725	True	True
scaffold_25	GWHAOTM00000025	2094472	2098358	gene-LOC122718652	LOC122718652	NW_025224135.1	1186077	1190275	+	V-type proton ATPase subunit H, transcript variant X1	11	11	1.000000		False	True
scaffold_25	GWHAOTM00000025	1899744	1901260	gene-LOC122718946	LOC122718946	NW_025224135.1	1382962	1384825	-	V-type proton ATPase subunit d	6	6	1.000000		False	True
scaffold_25	GWHAOTM00000025	2363136	2364689	gene-LOC122718895	LOC122718895	NW_025224135.1	919167	921806	-	putative sodium-coupled neutral amino acid transporter 7	3	4	0.750000		False	True
scaffold_25	GWHAOTM00000025	998643	1048673	gene-LOC122718936	LOC122718936	NW_025224135.1	2233306	2284985	-	AT-rich interactive domain-containing protein 2-like, transcript variant X1	16	16	1.000000		False	False
scaffold_25	GWHAOTM00000025	2071523	2080687	gene-LOC122718677	LOC122718677	NW_025224135.1	1202029	1213295	+	CD109 antigen-like, transcript variant X1	16	16	1.000000		False	False
scaffold_25	GWHAOTM00000025	2088162	2093865	gene-LOC122718726	LOC122718726	NW_025224135.1	1190553	1196572	-	DNA-directed RNA polymerase I subunit RPA2	16	16	1.000000		False	False
scaffold_25	GWHAOTM00000025	2373566	2409720	gene-LOC122718892	LOC122718892	NW_025224135.1	874272	912231	+	SLIT-ROBO Rho GTPase-activating protein 1-like, transcript variant X1	16	16	1.000000		False	False
scaffold_25	GWHAOTM00000025	1089031	1094948	gene-LOC122718971	LOC122718971	NW_025224135.1	2187733	2194867	+	WD repeat-containing protein on Y chromosome, transcript variant X1	16	16	1.000000		False	False
scaffold_25	GWHAOTM00000025	2315631	2324846	gene-LOC122718664	LOC122718664	NW_025224135.1	959310	968972	-	cartilage oligomeric matrix protein, transcript variant X1	16	16	1.000000		False	False
scaffold_25	GWHAOTM00000025	1054735	1077445	gene-LOC122718736	LOC122718736	NW_025224135.1	2205228	2227880	+	centrosomal protein of 135 kDa	16	16	1.000000		False	False
scaffold_25	GWHAOTM00000025	856541	873893	gene-LOC122718968	LOC122718968	NW_025224135.1	2408741	2426557	+	dmX-like protein 2, transcript variant X1	16	16	1.000000		False	False
scaffold_25	GWHAOTM00000025	874738	894841	gene-LOC122718732	LOC122718732	NW_025224135.1	2387633	2408167	+	dynein axonemal heavy chain 7-like, transcript variant X1	16	16	1.000000		False	False
scaffold_25	GWHAOTM00000025	1742267	1780539	gene-LOC122718834	LOC122718834	NW_025224135.1	1502897	1542246	-	eukaryotic translation initiation factor 4 gamma 3-like, transcript variant X1	16	16	1.000000		False	False
scaffold_25	GWHAOTM00000025	474273	492187	gene-LOC122718980	LOC122718980	NW_025224135.1	2786140	2804622	+	otoferlin-like, transcript variant X1	16	16	1.000000		False	False
scaffold_25	GWHAOTM00000025	2492496	2496643	gene-LOC122718722	LOC122718722	NW_025224135.1	787265	792319	-	peroxisomal multifunctional enzyme type 2, transcript variant X1	16	16	1.000000		False	False
scaffold_25	GWHAOTM00000025	1191428	1363046	gene-LOC122718804	LOC122718804	NW_025224135.1	1919284	2092484	+	potassium channel subfamily T member 2, transcript variant X1	16	16	1.000000		False	False
scaffold_25	GWHAOTM00000025	1945207	1951386	gene-LOC122718636	LOC122718636	NW_025224135.1	1332998	1339592	-	transmembrane 9 superfamily member 2, transcript variant X1	16	16	1.000000		False	False
scaffold_25	GWHAOTM00000025	41299	58941	gene-LOC122718877	LOC122718877	NW_025224135.1	3218384	3236294	-	A disintegrin and metalloproteinase with thrombospondin motifs 12-like	15	16	0.937500		False	False
scaffold_25	GWHAOTM00000025	1916809	1922609	gene-LOC122718987	LOC122718987	NW_025224135.1	1361553	1367788	-	BRCA2-interacting transcriptional repressor EMSY, transcript variant X1	15	15	1.000000		False	False
scaffold_25	GWHAOTM00000025	2033184	2037245	gene-LOC122718920	LOC122718920	NW_025224135.1	1247189	1251492	-	centromere protein I-like	15	15	1.000000		False	False
scaffold_25	GWHAOTM00000025	1938298	1943244	gene-LOC122718983	LOC122718983	NW_025224135.1	1341066	1346323	-	exportin-2	15	16	0.937500		False	False
scaffold_25	GWHAOTM00000025	2542564	2546879	gene-LOC122718745	LOC122718745	NW_025224135.1	737179	742636	-	exportin-6	15	15	1.000000		False	False
scaffold_25	GWHAOTM00000025	1987710	2009477	gene-LOC122718918	LOC122718918	NW_025224135.1	1274697	1297000	+	rab3 GTPase-activating protein catalytic subunit, transcript variant X1	15	15	1.000000		False	False
scaffold_25	GWHAOTM00000025	512299	546414	gene-LOC122718955	LOC122718955	NW_025224135.1	2731730	2769700	-	serine/threonine-protein kinase tricornered, transcript variant X1	15	15	1.000000		False	False
scaffold_25	GWHAOTM00000025	1078687	1082561	gene-LOC122718974	LOC122718974	NW_025224135.1	2200076	2204444	-	cGMP-dependent 3',5'-cyclic phosphodiesterase-like, transcript variant X1	14	14	1.000000		False	False
scaffold_25	GWHAOTM00000025	1723396	1726809	gene-LOC122718950	LOC122718950	NW_025224135.1	1556632	1560650	-	conserved oligomeric Golgi complex subunit 5, transcript variant X1	14	14	1.000000		False	False
scaffold_25	GWHAOTM00000025	1612043	1691418	gene-LOC122718897	LOC122718897	NW_025224135.1	1572642	1672509	+	dentin sialophosphoprotein-like, transcript variant X1	14	15	0.933333		False	False
scaffold_25	GWHAOTM00000025	936212	992173	gene-LOC122718871	LOC122718871	NW_025224135.1	2290278	2350407	-	dynein axonemal heavy chain 1-like	14	16	0.875000		False	False
scaffold_25	GWHAOTM00000025	2124433	2142161	gene-LOC122718783	LOC122718783	NW_025224135.1	1141850	1161248	+	GTPase-activating Rap/Ran-GAP domain-like protein 3, transcript variant X1	13	16	0.812500		False	False
scaffold_25	GWHAOTM00000025	1518283	1557552	gene-LOC122718888	LOC122718888	NW_025224135.1	1724134	1764470	+	TGF-beta receptor type-1, transcript variant X1	13	13	1.000000		False	False
scaffold_25	GWHAOTM00000025	2266297	2270822	gene-LOC122718685	LOC122718685	NW_025224135.1	1013037	1018492	+	chromosome-associated kinesin KIF4A, transcript variant X1	13	13	1.000000		False	False
scaffold_25	GWHAOTM00000025	1893941	1898702	gene-LOC122718944	LOC122718944	NW_025224135.1	1385491	1390559	+	coiled-coil and C2 domain-containing protein 1-like, transcript variant X1	13	13	1.000000		False	False
scaffold_25	GWHAOTM00000025	1567139	1570612	gene-LOC122718695	LOC122718695	NW_025224135.1	1711878	1715822	+	vacuolar protein sorting-associated protein 53 homolog	12	13	0.923077		False	False
scaffold_25	GWHAOTM00000025	60517	78987	gene-LOC122718876	LOC122718876	NW_025224135.1	3198447	3217155	+	A disintegrin and metalloproteinase with thrombospondin motifs 7-like	11	12	0.916667		False	False
scaffold_25	GWHAOTM00000025	2276543	2280911	gene-LOC122718686	LOC122718686	NW_025224135.1	1003461	1008033	+	coiled-coil domain-containing protein 39	11	11	1.000000		False	False
scaffold_25	GWHAOTM00000025	1978284	1981036	gene-LOC122718921	LOC122718921	NW_025224135.1	1303238	1306347	-	eukaryotic translation initiation factor 2-alpha kinase 1-like, transcript variant X1	11	11	1.000000		False	False
scaffold_25	GWHAOTM00000025	2251209	2260404	gene-LOC122718866	LOC122718866	NW_025224135.1	1023866	1033598	-	mediator of RNA polymerase II transcription subunit 12	11	11	1.000000		False	False
scaffold_25	GWHAOTM00000025	1813480	1815925	gene-LOC122718869	LOC122718869	NW_025224135.1	1468002	1470924	+	putative leucine-rich repeat-containing protein DDB_G0290503	11	11	1.000000		False	False
scaffold_25	GWHAOTM00000025	1720988	1722965	gene-LOC122718954	LOC122718954	NW_025224135.1	1560735	1563001	+	AP-3 complex subunit mu-1, transcript variant X1	10	10	1.000000		False	False
scaffold_25	GWHAOTM00000025	2365658	2370010	gene-LOC122718894	LOC122718894	NW_025224135.1	912264	919014	+	E3 ubiquitin-protein ligase RNF123, transcript variant X1	10	10	1.000000		False	False
scaffold_25	GWHAOTM00000025	786059	790526	gene-LOC122718705	LOC122718705	NW_025224135.1	2492522	2498370	+	E3 ubiquitin-protein ligase RNF126, transcript variant X1	10	10	1.000000		False	False
scaffold_25	GWHAOTM00000025	2580922	2635857	gene-LOC122718703	LOC122718703	NW_025224135.1	591862	705055	+	homeobox protein cut, transcript variant X1	10	11	0.909091		False	False
scaffold_25	GWHAOTM00000025	1084891	1088169	gene-LOC122718973	LOC122718973	NW_025224135.1	2194336	2199058	-	inner centromere protein-like, transcript variant X1	10	10	1.000000		False	False
scaffold_25	GWHAOTM00000025	1118428	1184130	gene-LOC122718806	LOC122718806	NW_025224135.1	2097221	2167059	-	uncharacterized LOC122718806, transcript variant X1	10	11	0.909091		False	False
scaffold_25	GWHAOTM00000025	1906526	1910359	gene-LOC122718962	LOC122718962	NW_025224135.1	1373907	1379664	-	uncharacterized LOC122718962	10	10	1.000000		False	False
scaffold_25	GWHAOTM00000025	2084739	2087458	gene-LOC122718678	LOC122718678	NW_025224135.1	1196768	1199932	+	HAUS augmin-like complex subunit 3	9	9	1.000000		False	False
scaffold_25	GWHAOTM00000025	1396755	1460145	gene-LOC122718776	LOC122718776	NW_025224135.1	1821440	1888182	+	LON peptidase N-terminal domain and RING finger protein 3, transcript variant X1	9	9	1.000000		False	False
scaffold_25	GWHAOTM00000025	1727136	1729042	gene-LOC122718953	LOC122718953	NW_025224135.1	1553237	1556859	+	ankyrin repeat, SAM and basic leucine zipper domain-containing protein 1-like, transcript variant X1	9	9	1.000000		False	False
scaffold_25	GWHAOTM00000025	1712188	1714456	gene-LOC122719003	LOC122719003	NW_025224135.1	1569092	1571944	-	asparagine synthetase [glutamine-hydrolyzing], transcript variant X1	9	9	1.000000		False	False
scaffold_25	GWHAOTM00000025	852535	854992	gene-LOC122718969	LOC122718969	NW_025224135.1	2427646	2430467	-	asparagine--tRNA ligase, cytoplasmic	9	9	1.000000		False	False
scaffold_25	GWHAOTM00000025	1102495	1108316	gene-LOC122718965	LOC122718965	NW_025224135.1	2174432	2180529	-	chitin deacetylase 1, transcript variant X1	9	9	1.000000		False	False
scaffold_25	GWHAOTM00000025	2244834	2246247	gene-LOC122718723	LOC122718723	NW_025224135.1	1037975	1041299	-	kynurenine formamidase, transcript variant X1	9	9	1.000000		False	False
scaffold_25	GWHAOTM00000025	904008	908659	gene-LOC122718639	LOC122718639	NW_025224135.1	2373644	2378844	-	serine/arginine repetitive matrix protein 1, transcript variant X1	9	9	1.000000		False	False
scaffold_25	GWHAOTM00000025	1095659	1097703	gene-LOC122718975	LOC122718975	NW_025224135.1	2184943	2187993	-	tetratricopeptide repeat protein 8, transcript variant X1	9	9	1.000000		False	False
scaffold_25	GWHAOTM00000025	1803963	1808534	gene-LOC122718729	LOC122718729	NW_025224135.1	1475310	1480345	-	uncharacterized protein MAL8P1.12	9	10	0.900000		False	False
scaffold_25	GWHAOTM00000025	2346362	2353898	gene-LOC122718666	LOC122718666	NW_025224135.1	930385	938342	+	xaa-Pro dipeptidase	9	9	1.000000		False	False
scaffold_25	GWHAOTM00000025	2330931	2339224	gene-LOC122718849	LOC122718849	NW_025224135.1	944439	954892	+	C-Maf-inducing protein-like, transcript variant X1	8	8	1.000000		False	False
scaffold_25	GWHAOTM00000025	780868	783244	gene-LOC122719005	LOC122719005	NW_025224135.1	2499907	2502982	+	DET1 homolog	8	8	1.000000		False	False
scaffold_25	GWHAOTM00000025	1607030	1608878	gene-LOC122718764	LOC122718764	NW_025224135.1	1672610	1675851	-	WD repeat-containing protein 74	8	8	1.000000		False	False
scaffold_25	GWHAOTM00000025	1956414	1959597	gene-LOC122719001	LOC122719001	NW_025224135.1	1324141	1331139	+	apoptotic chromatin condensation inducer in the nucleus, transcript variant X1	8	8	1.000000		False	False
scaffold_25	GWHAOTM00000025	2484324	2488701	gene-LOC122718767	LOC122718767	NW_025224135.1	795415	800132	+	claspin-like	8	8	1.000000		False	False
scaffold_25	GWHAOTM00000025	2226876	2231171	gene-LOC122718684	LOC122718684	NW_025224135.1	1052822	1058205	+	innexin inx7-like, transcript variant X1	8	8	1.000000		False	False
scaffold_25	GWHAOTM00000025	2012855	2023578	gene-LOC122718924	LOC122718924	NW_025224135.1	1260602	1271985	-	large neutral amino acids transporter small subunit 2, transcript variant X1	8	8	1.000000		False	False
scaffold_25	GWHAOTM00000025	2272458	2274028	gene-LOC122718687	LOC122718687	NW_025224135.1	1010348	1012589	-	presenilins-associated rhomboid-like protein, mitochondrial, transcript variant X1	8	8	1.000000		False	False
scaffold_25	GWHAOTM00000025	2547569	2549878	gene-LOC122718940	LOC122718940	NW_025224135.1	734384	736998	-	putative aldehyde dehydrogenase family 7 member A1 homolog	8	9	0.888889		False	False
scaffold_25	GWHAOTM00000025	494012	496775	gene-LOC122718981	LOC122718981	NW_025224135.1	2777959	2785010	+	putative fatty acyl-CoA reductase CG5065	8	8	1.000000		False	False
scaffold_25	GWHAOTM00000025	464682	466947	gene-LOC122718770	LOC122718770	NW_025224135.1	2811580	2814091	-	putative glucosylceramidase 4, transcript variant X1	8	8	1.000000		False	False
scaffold_25	GWHAOTM00000025	763626	768073	gene-LOC122718957	LOC122718957	NW_025224135.1	2515431	2520976	+	sorbitol dehydrogenase-like	8	8	1.000000		False	False
scaffold_25	GWHAOTM00000025	1983685	1987001	gene-LOC122718917	LOC122718917	NW_025224135.1	1297292	1301068	-	uncharacterized LOC122718917, transcript variant X1	8	8	1.000000		False	False
scaffold_25	GWHAOTM00000025	1733083	1738196	gene-LOC122718952	LOC122718952	NW_025224135.1	1545288	1553503	-	zinc finger MYND domain-containing protein 11, transcript variant X1	8	8	1.000000		False	False
scaffold_25	GWHAOTM00000025	845955	848196	gene-LOC122718993	LOC122718993	NW_025224135.1	2434088	2438452	-	ATP-dependent Clp protease ATP-binding subunit clpX-like, mitochondrial, transcript variant X1	7	7	1.000000		False	False
scaffold_25	GWHAOTM00000025	2061010	2063466	gene-LOC122718928	LOC122718928	NW_025224135.1	1220726	1223712	+	graves disease carrier protein homolog	7	7	1.000000		False	False
scaffold_25	GWHAOTM00000025	506950	507955	gene-LOC122718833	LOC122718833	NW_025224135.1	2770288	2771846	+	transcription initiation factor TFIID subunit 11, transcript variant X1	7	7	1.000000		False	False
scaffold_25	GWHAOTM00000025	1598854	1605181	gene-LOC122718870	LOC122718870	NW_025224135.1	1677500	1685683	-	trypsin 3A1-like	7	7	1.000000		False	False
scaffold_25	GWHAOTM00000025	2027431	2032233	gene-LOC122718934	LOC122718934	NW_025224135.1	1251346	1257428	+	ubiquitin-conjugating enzyme E2Q-like protein CG4502	7	7	1.000000		False	False
scaffold_25	GWHAOTM00000025	797601	800784	gene-LOC122718750	LOC122718750	NW_025224135.1	2482508	2486196	+	uncharacterized LOC122718750, transcript variant X1	7	7	1.000000		False	False
scaffold_25	GWHAOTM00000025	912092	920915	gene-LOC122718762	LOC122718762	NW_025224135.1	2361668	2370781	-	uncharacterized LOC122718762	7	10	0.700000		False	False
scaffold_25	GWHAOTM00000025	1822818	1824439	gene-LOC122718768	LOC122718768	NW_025224135.1	1459482	1461814	-	caspase-8	6	6	1.000000		False	False
scaffold_25	GWHAOTM00000025	901412	903699	gene-LOC122718873	LOC122718873	NW_025224135.1	2378966	2381369	+	dynein regulatory complex protein 10-like	6	6	1.000000		False	False
scaffold_25	GWHAOTM00000025	2555731	2569806	gene-LOC122718941	LOC122718941	NW_025224135.1	712787	732448	-	lissencephaly-1 homolog, transcript variant X1	6	6	1.000000		False	False
scaffold_25	GWHAOTM00000025	460821	463110	gene-LOC122718884	LOC122718884	NW_025224135.1	2815354	2847690	-	lysosomal acid glucosylceramidase-like, transcript variant X1	6	7	0.857143		False	False
scaffold_25	GWHAOTM00000025	2103488	2108801	gene-LOC122718701	LOC122718701	NW_025224135.1	1163715	1182426	+	nuclear hormone receptor FTZ-F1 beta, transcript variant X1	6	6	1.000000		False	False
scaffold_25	GWHAOTM00000025	1784128	1787622	gene-LOC122718839	LOC122718839	NW_025224135.1	1496254	1499994	+	partner of bursicon	6	6	1.000000		False	False
scaffold_25	GWHAOTM00000025	1715490	1717664	gene-LOC122719002	LOC122719002	NW_025224135.1	1565807	1568575	-	polypeptide N-acetylgalactosaminyltransferase 35A-like	6	6	1.000000		False	False
scaffold_25	GWHAOTM00000025	1098480	1099722	gene-LOC122718967	LOC122718967	NW_025224135.1	2182334	2184425	+	protein YIPF6	6	6	1.000000		False	False
scaffold_25	GWHAOTM00000025	2052835	2055321	gene-LOC122718929	LOC122718929	NW_025224135.1	1228853	1231904	-	serine/threonine-protein phosphatase 2A catalytic subunit alpha isoform	6	6	1.000000		False	False
scaffold_25	GWHAOTM00000025	2263290	2265350	gene-LOC122718667	LOC122718667	NW_025224135.1	1018948	1021415	+	uncharacterized LOC122718667	6	6	1.000000		False	False
scaffold_25	GWHAOTM00000025	1571748	1594665	gene-LOC122718793	LOC122718793	NW_025224135.1	1687042	1711100	-	uncharacterized LOC122718793	6	6	1.000000		False	False
scaffold_25	GWHAOTM00000025	2003755	2006424	gene-LOC122718919	LOC122718919	NW_025224135.1	1277329	1293293	-	vasorin	6	6	1.000000		False	False
scaffold_25	GWHAOTM00000025	2064169	2065524	gene-LOC122718932	LOC122718932	NW_025224135.1	1218851	1220570	+	39S ribosomal protein L15, mitochondrial	5	5	1.000000		False	False
scaffold_25	GWHAOTM00000025	1565430	1566678	gene-LOC122718697	LOC122718697	NW_025224135.1	1715888	1717825	-	60S ribosomal protein L7a	5	5	1.000000		False	False
scaffold_25	GWHAOTM00000025	1560482	1563050	gene-LOC122718696	LOC122718696	NW_025224135.1	1718370	1722802	+	UDP-glucose 6-dehydrogenase, transcript variant X1	5	5	1.000000		False	False
scaffold_25	GWHAOTM00000025	2066630	2068764	gene-LOC122718927	LOC122718927	NW_025224135.1	1215574	1218029	-	guanine nucleotide-binding protein subunit beta-like protein	5	5	1.000000		False	False
scaffold_25	GWHAOTM00000025	471498	473418	gene-LOC122718780	LOC122718780	NW_025224135.1	2804765	2807365	-	guanine nucleotide-binding protein-like 1	5	5	1.000000		False	False
scaffold_25	GWHAOTM00000025	2177265	2190608	gene-LOC122718674	LOC122718674	NW_025224135.1	1093522	1108714	+	innexin shaking-B-like, transcript variant X1	5	5	1.000000		False	False
scaffold_25	GWHAOTM00000025	819381	825507	gene-LOC122718641	LOC122718641	NW_025224135.1	2456056	2465282	+	mucin-1, transcript variant X1	5	5	1.000000		False	False
scaffold_25	GWHAOTM00000025	1818821	1820298	gene-LOC122718809	LOC122718809	NW_025224135.1	1462604	1465533	+	partitioning defective protein 6, transcript variant X1	5	5	1.000000		False	False
scaffold_25	GWHAOTM00000025	2489994	2491490	gene-LOC122718808	LOC122718808	NW_025224135.1	792805	794652	-	protein lin-7 homolog C, transcript variant X1	5	5	1.000000		False	False
scaffold_25	GWHAOTM00000025	1390574	1392244	gene-LOC122718856	LOC122718856	NW_025224135.1	1890909	1893343	+	putative leucine-rich repeat-containing protein DDB_G0290503	5	5	1.000000		False	False
scaffold_25	GWHAOTM00000025	1928778	1929916	gene-LOC122718990	LOC122718990	NW_025224135.1	1349157	1355831	+	ras-like GTP-binding protein RhoL, transcript variant X1	5	5	1.000000		False	False
scaffold_25	GWHAOTM00000025	770752	772484	gene-LOC122718802	LOC122718802	NW_025224135.1	2511070	2513330	+	serine/threonine-protein kinase rio2	5	5	1.000000		False	False
scaffold_25	GWHAOTM00000025	850190	851585	gene-LOC122718970	LOC122718970	NW_025224135.1	2430971	2433029	+	solute carrier family 25 member 46-like	5	5	1.000000		False	False
scaffold_25	GWHAOTM00000025	2312030	2313336	gene-LOC122718816	LOC122718816	NW_025224135.1	970925	972593	+	surfeit locus protein 1	5	5	1.000000		False	False
scaffold_25	GWHAOTM00000025	1875880	1880407	gene-LOC122718790	LOC122718790	NW_025224135.1	1403941	1410301	+	transcription factor MafB, transcript variant X1	5	5	1.000000		False	False
scaffold_25	GWHAOTM00000025	1719081	1720424	gene-LOC122718821	LOC122718821	NW_025224135.1	1563256	1564906	-	transcriptional adapter 1-like, transcript variant X1	5	5	1.000000		False	False
scaffold_25	GWHAOTM00000025	422104	423800	gene-LOC122718874	LOC122718874	NW_025224135.1	2854426	2860058	+	tubulin glycylase 3A-like	5	7	0.714286		False	False
scaffold_25	GWHAOTM00000025	1070482	1072344	gene-LOC122718735	LOC122718735	NW_025224135.1	2209911	2222710	-	uncharacterized LOC122718735, transcript variant X1	5	5	1.000000		False	False
scaffold_25	GWHAOTM00000025	2462105	2465953	gene-LOC122718865	LOC122718865	NW_025224135.1	818395	822473	-	uncharacterized LOC122718865	5	5	1.000000		False	False
scaffold_25	GWHAOTM00000025	388879	416934	gene-LOC122718733	LOC122718733	NW_025224135.1	2860473	2890879	-	zwei Ig domain protein zig-8-like	5	6	0.833333		False	False
scaffold_25	GWHAOTM00000025	467625	469375	gene-LOC122718785	LOC122718785	NW_025224135.1	2809025	2811247	+	39S ribosomal protein S30, mitochondrial	4	4	1.000000		False	False
scaffold_25	GWHAOTM00000025	2069137	2070476	gene-LOC122718933	LOC122718933	NW_025224135.1	1213804	1215570	+	NFU1 iron-sulfur cluster scaffold homolog, mitochondrial-like	4	4	1.000000		False	False
scaffold_25	GWHAOTM00000025	2274563	2275802	gene-LOC122718688	LOC122718688	NW_025224135.1	1008332	1010120	+	S-formylglutathione hydrolase	4	4	1.000000		False	False
scaffold_25	GWHAOTM00000025	2042889	2045552	gene-LOC122718931	LOC122718931	NW_025224135.1	1237558	1242594	+	TATA box-binding protein-like 1	4	4	1.000000		False	False
scaffold_25	GWHAOTM00000025	502650	503302	gene-LOC122718828	LOC122718828	NW_025224135.1	2775050	2776206	-	biogenesis of lysosome-related organelles complex 1 subunit 4, transcript variant X1	4	4	1.000000		False	False
scaffold_25	GWHAOTM00000025	2360953	2361914	gene-LOC122718997	LOC122718997	NW_025224135.1	922395	924617	-	bolA-like protein 3	4	4	1.000000		False	False
scaffold_25	GWHAOTM00000025	1981978	1983146	gene-LOC122718925	LOC122718925	NW_025224135.1	1300948	1302686	+	divergent protein kinase domain 2A	4	4	1.000000		False	False
scaffold_25	GWHAOTM00000025	2412225	2415421	gene-LOC122718799	LOC122718799	NW_025224135.1	868914	873145	-	intraflagellar transport protein 74 homolog, transcript variant X1	4	4	1.000000		False	False
scaffold_25	GWHAOTM00000025	556677	626383	gene-LOC122718743	LOC122718743	NW_025224135.1	2651164	2723967	+	nuclear receptor subfamily 2 group F member 1-A	4	4	1.000000		False	False
scaffold_25	GWHAOTM00000025	802022	804556	gene-LOC122718787	LOC122718787	NW_025224135.1	2477979	2482270	-	probable serine/threonine-protein kinase kinX	4	4	1.000000		False	False
scaffold_25	GWHAOTM00000025	2246916	2249456	gene-LOC122718786	LOC122718786	NW_025224135.1	1034890	1037907	+	protein PFC0760c-like	4	4	1.000000		False	False
scaffold_25	GWHAOTM00000025	831347	835503	gene-LOC122718642	LOC122718642	NW_025224135.1	2446234	2452508	+	protein giant-lens	4	4	1.000000		False	False
scaffold_25	GWHAOTM00000025	2048126	2049275	gene-LOC122718926	LOC122718926	NW_025224135.1	1234818	1236606	-	protein phosphatase 1 regulatory subunit 7-like	4	4	1.000000		False	False
scaffold_25	GWHAOTM00000025	271293	281495	gene-LOC122718749	LOC122718749	NW_025224135.1	2995740	3007342	+	putative fatty acyl-CoA reductase CG5065, transcript variant X1	4	4	1.000000		False	False
scaffold_25	GWHAOTM00000025	948024	958337	gene-LOC122718992	LOC122718992	NW_025224135.1	2322973	2335240	+	thyrotropin-releasing hormone receptor-like	4	4	1.000000		False	False
scaffold_25	GWHAOTM00000025	1936492	1937285	gene-LOC122718868	LOC122718868	NW_025224135.1	1346850	1348677	-	uncharacterized LOC122718868	4	4	1.000000		False	False
scaffold_25	GWHAOTM00000025	292359	296299	gene-LOC122718690	LOC122718690	NW_025224135.1	2980244	2985360	+	vitamin K-dependent protein S-like	4	4	1.000000		False	False
scaffold_25	GWHAOTM00000025	145843	220223	gene-LOC122718676	LOC122718676	NW_025224135.1	3047202	3134895	+	zwei Ig domain protein zig-8-like, transcript variant X1	4	6	0.666667		False	False
scaffold_25	GWHAOTM00000025	1109224	1110083	gene-LOC122718851	LOC122718851	NW_025224135.1	2172058	2173698	+	NADH dehydrogenase [ubiquinone] 1 subunit C2, transcript variant X1	3	3	1.000000		False	False
scaffold_25	GWHAOTM00000025	2550953	2551172	gene-LOC122718943	LOC122718943	NW_025224135.1	732443	733634	+	SOSS complex subunit C homolog, transcript variant X1	3	4	0.750000		False	False
scaffold_25	GWHAOTM00000025	1912028	1913587	gene-LOC122718811	LOC122718811	NW_025224135.1	1370121	1372527	-	ankyrin repeat and MYND domain-containing protein 2	3	3	1.000000		False	False
scaffold_25	GWHAOTM00000025	451700	452469	gene-LOC122718885	LOC122718885	NW_025224135.1	2826033	2827110	-	apisimin	3	3	1.000000		False	False
scaffold_25	GWHAOTM00000025	1100614	1101446	gene-LOC122718966	LOC122718966	NW_025224135.1	2181190	2182435	-	coiled-coil domain-containing protein 134-like	3	3	1.000000		False	False
scaffold_25	GWHAOTM00000025	1802069	1802848	gene-LOC122718830	LOC122718830	NW_025224135.1	1480981	1482810	+	dephospho-CoA kinase	3	3	1.000000		False	False
scaffold_25	GWHAOTM00000025	816098	840679	gene-LOC122718640	LOC122718640	NW_025224135.1	2441892	2469722	-	elongation factor-like GTPase 1	3	5	0.600000		False	False
scaffold_25	GWHAOTM00000025	2207211	2211140	gene-LOC122718660	LOC122718660	NW_025224135.1	1072078	1078603	+	innexin inx1	3	4	0.750000		False	False
scaffold_25	GWHAOTM00000025	2200809	2203336	gene-LOC122718867	LOC122718867	NW_025224135.1	1080875	1084196	+	innexin shaking-B-like	3	3	1.000000		False	False
scaffold_25	GWHAOTM00000025	1927379	1928037	gene-LOC122718991	LOC122718991	NW_025224135.1	1356193	1357316	-	nuclear cap-binding protein subunit 2	3	3	1.000000		False	False
scaffold_25	GWHAOTM00000025	1903456	1904524	gene-LOC122718963	LOC122718963	NW_025224135.1	1379687	1381276	+	probable tRNA(His) guanylyltransferase	3	3	1.000000		False	False
scaffold_25	GWHAOTM00000025	1739666	1740213	gene-LOC122718844	LOC122718844	NW_025224135.1	1543228	1544458	+	protein LZIC-like, transcript variant X1	3	3	1.000000		False	False
scaffold_25	GWHAOTM00000025	2281542	2282511	gene-LOC122718689	LOC122718689	NW_025224135.1	1001608	1008306	-	putative peptidyl-prolyl cis-trans isomerase dodo, transcript variant X1	3	3	1.000000		False	False
scaffold_25	GWHAOTM00000025	897152	899029	gene-LOC122718706	LOC122718706	NW_025224135.1	2382098	2386914	+	uncharacterized LOC122718706, transcript variant X1	3	3	1.000000		False	False
scaffold_25	GWHAOTM00000025	2154824	2158054	gene-LOC122718725	LOC122718725	NW_025224135.1	1111956	1131782	+	uncharacterized LOC122718725, transcript variant X1	3	4	0.750000		False	False
scaffold_25	GWHAOTM00000025	808744	812206	gene-LOC122718763	LOC122718763	NW_025224135.1	2471096	2477185	-	very-long-chain 3-oxoacyl-CoA reductase-like	3	3	1.000000		False	False
scaffold_25	GWHAOTM00000025	1796549	1797561	gene-LOC122718836	LOC122718836	NW_025224135.1	1485099	1499396	-	zinc finger CCCH domain-containing protein 10-like	3	3	1.000000		False	False
scaffold_25	GWHAOTM00000025	996010	996589	gene-LOC122718938	LOC122718938	NW_025224135.1	2285835	2286697	+	zinc finger protein 593 homolog	3	3	1.000000		False	False
scaffold_25	GWHAOTM00000025	2262640	2262930	gene-LOC122718668	LOC122718668	NW_025224135.1	1021410	1022315	-	40S ribosomal protein S23	2	2	1.000000		False	False
scaffold_25	GWHAOTM00000025	1910799	1911223	gene-LOC122718964	LOC122718964	NW_025224135.1	1373092	1373899	+	ATP synthase subunit g, mitochondrial-like	2	2	1.000000		False	False
scaffold_25	GWHAOTM00000025	1788397	1788878	gene-LOC122718838	LOC122718838	NW_025224135.1	1494846	1495812	+	G patch domain-containing protein 11	2	2	1.000000		False	False
scaffold_25	GWHAOTM00000025	503743	504224	gene-LOC122718829	LOC122718829	NW_025224135.1	2774249	2775054	+	adhesion G protein-coupled receptor B2-like	2	2	1.000000		False	False
scaffold_25	GWHAOTM00000025	1811176	1811828	gene-LOC122718852	LOC122718852	NW_025224135.1	1471681	1473372	+	autophagy-related protein 23-like	2	2	1.000000		False	False
scaffold_25	GWHAOTM00000025	992952	993746	gene-LOC122718875	LOC122718875	NW_025224135.1	2288720	2289659	+	cytochrome b-c1 complex subunit 8-like	2	2	1.000000		False	False
scaffold_25	GWHAOTM00000025	2307701	2309803	gene-LOC122718976	LOC122718976	NW_025224135.1	972849	994670	-	glutamine synthetase 2 cytoplasmic	2	2	1.000000		False	False
scaffold_25	GWHAOTM00000025	776533	778272	gene-LOC122719004	LOC122719004	NW_025224135.1	2503864	2508589	+	protein PFF0380w-like, transcript variant X1	2	2	1.000000		False	False
scaffold_25	GWHAOTM00000025	2550169	2550555	gene-LOC122718942	LOC122718942	NW_025224135.1	733501	734364	+	rRNA N6-adenosine-methyltransferase METTL5	2	2	1.000000		False	False
scaffold_25	GWHAOTM00000025	1923673	1924080	gene-LOC122718989	LOC122718989	NW_025224135.1	1359555	1360901	+	small nuclear ribonucleoprotein-associated protein B	2	2	1.000000		False	False
scaffold_25	GWHAOTM00000025	1053121	1054439	gene-LOC122718734	LOC122718734	NW_025224135.1	2227963	2230514	+	uncharacterized LOC122718734	2	2	1.000000		False	False
scaffold_25	GWHAOTM00000025	1925684	1926332	gene-LOC122718988	LOC122718988	NW_025224135.1	1357589	1359052	+	uncharacterized LOC122718988	2	2	1.000000		False	False
scaffold_25	GWHAOTM00000025	1968170	1969387	gene-LOC122718923	LOC122718923	NW_025224135.1	1311776	1316822	+	zinc finger protein 791-like	2	2	1.000000		False	False
