rat_nav1.4_position	rat_residue	Apis_laboriosa_60e_position	Apis_laboriosa_60e_residue	Apis_dorsata_60e_position	Apis_dorsata_60e_residue	Apis_mellifera_60e_position	Apis_mellifera_60e_residue	Apis_cerana_60e_position	Apis_cerana_60e_residue	Apis_florea_60e_position	Apis_florea_60e_residue	Bombus_terrestris_60e_position	Bombus_terrestris_60e_residue
237	K	613	K	614	K	613	K	612	K	613	K	621	K
243	L	619	L	620	L	619	L	618	L	619	L	627	L
246	S	622	S	623	S	622	S	621	S	622	S	630	S
248	K	624	K	625	K	624	K	623	K	624	K	632	K
249	K	625	Q	626	Q	625	Q	624	Q	625	Q	633	Q
250	L	626	L	627	L	626	L	625	L	626	L	634	L
251	S	627	A	628	A	627	A	626	A	627	A	635	A
433	I	769	I	770	I	769	I	768	I	769	I	777	I
434	N	770	N	771	N	770	N	769	N	770	N	778	N
437	L	773	L	774	L	773	L	772	L	773	L	781	L
784	N	1299	N	1300	N	1299	N	1298	N	1299	N	1305	N
1276	S	1832	S	1833	S	1832	S	1831	S	1833	S	1839	S
1463	T	2059	K	2022	K	2021	K	2020	K	2022	K	2028	K
1575	I	2168	I	2131	I	2130	I	2129	I	2131	I	2137	I
1579	F	2172	Y	2135	Y	2134	Y	2133	Y	2135	Y	2141	Y
1586	Y	2179	Y	2142	Y	2141	Y	2140	Y	2142	Y	2148	Y
