assembly	focal_AL_position	coding_codon	tested_read_starts	captured_read_starts
AL_Shangrila	254	AAA	148	148
AL_Shangrila	254	AAC	148	148
AL_Shangrila	254	AAG	148	148
AL_Shangrila	254	AAT	148	148
AL_Shangrila	254	ACA	148	148
AL_Shangrila	254	ACC	148	148
AL_Shangrila	254	ACG	148	148
AL_Shangrila	254	ACT	148	148
AL_Shangrila	254	AGA	148	148
AL_Shangrila	254	AGC	148	148
AL_Shangrila	254	AGG	148	148
AL_Shangrila	254	AGT	148	148
AL_Shangrila	254	ATA	148	148
AL_Shangrila	254	ATC	148	148
AL_Shangrila	254	ATG	148	148
AL_Shangrila	254	ATT	148	148
AL_Shangrila	254	CAA	148	148
AL_Shangrila	254	CAC	148	148
AL_Shangrila	254	CAG	148	148
AL_Shangrila	254	CAT	148	148
AL_Shangrila	254	CCA	148	148
AL_Shangrila	254	CCC	148	148
AL_Shangrila	254	CCG	148	148
AL_Shangrila	254	CCT	148	148
AL_Shangrila	254	CGA	148	148
AL_Shangrila	254	CGC	148	148
AL_Shangrila	254	CGG	148	148
AL_Shangrila	254	CGT	148	148
AL_Shangrila	254	CTA	148	148
AL_Shangrila	254	CTC	148	148
AL_Shangrila	254	CTG	148	148
AL_Shangrila	254	CTT	148	148
AL_Shangrila	254	GAA	148	148
AL_Shangrila	254	GAC	148	148
AL_Shangrila	254	GAG	148	148
AL_Shangrila	254	GAT	148	148
AL_Shangrila	254	GCA	148	148
AL_Shangrila	254	GCC	148	148
AL_Shangrila	254	GCG	148	148
AL_Shangrila	254	GCT	148	148
AL_Shangrila	254	GGA	148	148
AL_Shangrila	254	GGC	148	148
AL_Shangrila	254	GGG	148	148
AL_Shangrila	254	GGT	148	148
AL_Shangrila	254	GTA	148	148
AL_Shangrila	254	GTC	148	148
AL_Shangrila	254	GTG	148	148
AL_Shangrila	254	GTT	148	148
AL_Shangrila	254	TAA	148	148
AL_Shangrila	254	TAC	148	148
AL_Shangrila	254	TAG	148	148
AL_Shangrila	254	TAT	148	148
AL_Shangrila	254	TCA	148	148
AL_Shangrila	254	TCC	148	148
AL_Shangrila	254	TCG	148	148
AL_Shangrila	254	TCT	148	148
AL_Shangrila	254	TGA	148	148
AL_Shangrila	254	TGC	148	148
AL_Shangrila	254	TGG	148	148
AL_Shangrila	254	TGT	148	148
AL_Shangrila	254	TTA	148	148
AL_Shangrila	254	TTC	148	148
AL_Shangrila	254	TTG	148	148
AL_Shangrila	254	TTT	148	148
AL_Shangrila	452	AAA	148	148
AL_Shangrila	452	AAC	148	148
AL_Shangrila	452	AAG	148	148
AL_Shangrila	452	AAT	148	148
AL_Shangrila	452	ACA	148	148
AL_Shangrila	452	ACC	148	148
AL_Shangrila	452	ACG	148	148
AL_Shangrila	452	ACT	148	148
AL_Shangrila	452	AGA	148	148
AL_Shangrila	452	AGC	148	148
AL_Shangrila	452	AGG	148	148
AL_Shangrila	452	AGT	148	148
AL_Shangrila	452	ATA	148	148
AL_Shangrila	452	ATC	148	148
AL_Shangrila	452	ATG	148	148
AL_Shangrila	452	ATT	148	148
AL_Shangrila	452	CAA	148	148
AL_Shangrila	452	CAC	148	148
AL_Shangrila	452	CAG	148	148
AL_Shangrila	452	CAT	148	148
AL_Shangrila	452	CCA	148	148
AL_Shangrila	452	CCC	148	148
AL_Shangrila	452	CCG	148	148
AL_Shangrila	452	CCT	148	148
AL_Shangrila	452	CGA	148	148
AL_Shangrila	452	CGC	148	148
AL_Shangrila	452	CGG	148	148
AL_Shangrila	452	CGT	148	148
AL_Shangrila	452	CTA	148	148
AL_Shangrila	452	CTC	148	148
AL_Shangrila	452	CTG	148	148
AL_Shangrila	452	CTT	148	148
AL_Shangrila	452	GAA	148	148
AL_Shangrila	452	GAC	148	148
AL_Shangrila	452	GAG	148	148
AL_Shangrila	452	GAT	148	148
AL_Shangrila	452	GCA	148	148
AL_Shangrila	452	GCC	148	148
AL_Shangrila	452	GCG	148	148
AL_Shangrila	452	GCT	148	148
AL_Shangrila	452	GGA	148	148
AL_Shangrila	452	GGC	148	148
AL_Shangrila	452	GGG	148	148
AL_Shangrila	452	GGT	148	148
AL_Shangrila	452	GTA	148	148
AL_Shangrila	452	GTC	148	148
AL_Shangrila	452	GTG	148	148
AL_Shangrila	452	GTT	148	148
AL_Shangrila	452	TAA	148	148
AL_Shangrila	452	TAC	148	148
AL_Shangrila	452	TAG	148	148
AL_Shangrila	452	TAT	148	148
AL_Shangrila	452	TCA	148	148
AL_Shangrila	452	TCC	148	148
AL_Shangrila	452	TCG	148	148
AL_Shangrila	452	TCT	148	148
AL_Shangrila	452	TGA	148	148
AL_Shangrila	452	TGC	148	148
AL_Shangrila	452	TGG	148	148
AL_Shangrila	452	TGT	148	148
AL_Shangrila	452	TTA	148	148
AL_Shangrila	452	TTC	148	148
AL_Shangrila	452	TTG	148	148
AL_Shangrila	452	TTT	148	148
AL_Shangrila	474	AAA	148	148
AL_Shangrila	474	AAC	148	148
AL_Shangrila	474	AAG	148	148
AL_Shangrila	474	AAT	148	148
AL_Shangrila	474	ACA	148	148
AL_Shangrila	474	ACC	148	148
AL_Shangrila	474	ACG	148	148
AL_Shangrila	474	ACT	148	148
AL_Shangrila	474	AGA	148	148
AL_Shangrila	474	AGC	148	148
AL_Shangrila	474	AGG	148	148
AL_Shangrila	474	AGT	148	148
AL_Shangrila	474	ATA	148	148
AL_Shangrila	474	ATC	148	148
AL_Shangrila	474	ATG	148	148
AL_Shangrila	474	ATT	148	148
AL_Shangrila	474	CAA	148	148
AL_Shangrila	474	CAC	148	148
AL_Shangrila	474	CAG	148	148
AL_Shangrila	474	CAT	148	148
AL_Shangrila	474	CCA	148	148
AL_Shangrila	474	CCC	148	148
AL_Shangrila	474	CCG	148	148
AL_Shangrila	474	CCT	148	148
AL_Shangrila	474	CGA	148	148
AL_Shangrila	474	CGC	148	148
AL_Shangrila	474	CGG	148	148
AL_Shangrila	474	CGT	148	148
AL_Shangrila	474	CTA	148	148
AL_Shangrila	474	CTC	148	148
AL_Shangrila	474	CTG	148	148
AL_Shangrila	474	CTT	148	148
AL_Shangrila	474	GAA	148	148
AL_Shangrila	474	GAC	148	148
AL_Shangrila	474	GAG	148	148
AL_Shangrila	474	GAT	148	148
AL_Shangrila	474	GCA	148	148
AL_Shangrila	474	GCC	148	148
AL_Shangrila	474	GCG	148	148
AL_Shangrila	474	GCT	148	148
AL_Shangrila	474	GGA	148	148
AL_Shangrila	474	GGC	148	148
AL_Shangrila	474	GGG	148	148
AL_Shangrila	474	GGT	148	148
AL_Shangrila	474	GTA	148	148
AL_Shangrila	474	GTC	148	148
AL_Shangrila	474	GTG	148	148
AL_Shangrila	474	GTT	148	148
AL_Shangrila	474	TAA	148	148
AL_Shangrila	474	TAC	148	148
AL_Shangrila	474	TAG	148	148
AL_Shangrila	474	TAT	148	148
AL_Shangrila	474	TCA	148	148
AL_Shangrila	474	TCC	148	148
AL_Shangrila	474	TCG	148	148
AL_Shangrila	474	TCT	148	148
AL_Shangrila	474	TGA	148	148
AL_Shangrila	474	TGC	148	148
AL_Shangrila	474	TGG	148	148
AL_Shangrila	474	TGT	148	148
AL_Shangrila	474	TTA	148	148
AL_Shangrila	474	TTC	148	148
AL_Shangrila	474	TTG	148	148
AL_Shangrila	474	TTT	148	148
AL_Shangrila	549	AAA	148	148
AL_Shangrila	549	AAC	148	148
AL_Shangrila	549	AAG	148	148
AL_Shangrila	549	AAT	148	148
AL_Shangrila	549	ACA	148	148
AL_Shangrila	549	ACC	148	148
AL_Shangrila	549	ACG	148	148
AL_Shangrila	549	ACT	148	148
AL_Shangrila	549	AGA	148	148
AL_Shangrila	549	AGC	148	148
AL_Shangrila	549	AGG	148	148
AL_Shangrila	549	AGT	148	148
AL_Shangrila	549	ATA	148	148
AL_Shangrila	549	ATC	148	148
AL_Shangrila	549	ATG	148	148
AL_Shangrila	549	ATT	148	148
AL_Shangrila	549	CAA	148	148
AL_Shangrila	549	CAC	148	148
AL_Shangrila	549	CAG	148	148
AL_Shangrila	549	CAT	148	148
AL_Shangrila	549	CCA	148	148
AL_Shangrila	549	CCC	148	148
AL_Shangrila	549	CCG	148	148
AL_Shangrila	549	CCT	148	148
AL_Shangrila	549	CGA	148	148
AL_Shangrila	549	CGC	148	148
AL_Shangrila	549	CGG	148	148
AL_Shangrila	549	CGT	148	148
AL_Shangrila	549	CTA	148	148
AL_Shangrila	549	CTC	148	148
AL_Shangrila	549	CTG	148	148
AL_Shangrila	549	CTT	148	148
AL_Shangrila	549	GAA	148	148
AL_Shangrila	549	GAC	148	148
AL_Shangrila	549	GAG	148	148
AL_Shangrila	549	GAT	148	148
AL_Shangrila	549	GCA	148	148
AL_Shangrila	549	GCC	148	148
AL_Shangrila	549	GCG	148	148
AL_Shangrila	549	GCT	148	148
AL_Shangrila	549	GGA	148	148
AL_Shangrila	549	GGC	148	148
AL_Shangrila	549	GGG	148	148
AL_Shangrila	549	GGT	148	148
AL_Shangrila	549	GTA	148	148
AL_Shangrila	549	GTC	148	148
AL_Shangrila	549	GTG	148	148
AL_Shangrila	549	GTT	148	148
AL_Shangrila	549	TAA	148	148
AL_Shangrila	549	TAC	148	148
AL_Shangrila	549	TAG	148	148
AL_Shangrila	549	TAT	148	148
AL_Shangrila	549	TCA	148	148
AL_Shangrila	549	TCC	148	148
AL_Shangrila	549	TCG	148	148
AL_Shangrila	549	TCT	148	148
AL_Shangrila	549	TGA	148	148
AL_Shangrila	549	TGC	148	148
AL_Shangrila	549	TGG	148	148
AL_Shangrila	549	TGT	148	148
AL_Shangrila	549	TTA	148	148
AL_Shangrila	549	TTC	148	148
AL_Shangrila	549	TTG	148	148
AL_Shangrila	549	TTT	148	148
AL_Shangrila	717	AAA	148	148
AL_Shangrila	717	AAC	148	148
AL_Shangrila	717	AAG	148	148
AL_Shangrila	717	AAT	148	148
AL_Shangrila	717	ACA	148	148
AL_Shangrila	717	ACC	148	148
AL_Shangrila	717	ACG	148	148
AL_Shangrila	717	ACT	148	148
AL_Shangrila	717	AGA	148	148
AL_Shangrila	717	AGC	148	148
AL_Shangrila	717	AGG	148	148
AL_Shangrila	717	AGT	148	148
AL_Shangrila	717	ATA	148	148
AL_Shangrila	717	ATC	148	148
AL_Shangrila	717	ATG	148	148
AL_Shangrila	717	ATT	148	148
AL_Shangrila	717	CAA	148	148
AL_Shangrila	717	CAC	148	148
AL_Shangrila	717	CAG	148	148
AL_Shangrila	717	CAT	148	148
AL_Shangrila	717	CCA	148	148
AL_Shangrila	717	CCC	148	148
AL_Shangrila	717	CCG	148	148
AL_Shangrila	717	CCT	148	148
AL_Shangrila	717	CGA	148	148
AL_Shangrila	717	CGC	148	148
AL_Shangrila	717	CGG	148	148
AL_Shangrila	717	CGT	148	148
AL_Shangrila	717	CTA	148	148
AL_Shangrila	717	CTC	148	148
AL_Shangrila	717	CTG	148	148
AL_Shangrila	717	CTT	148	148
AL_Shangrila	717	GAA	148	148
AL_Shangrila	717	GAC	148	148
AL_Shangrila	717	GAG	148	148
AL_Shangrila	717	GAT	148	148
AL_Shangrila	717	GCA	148	148
AL_Shangrila	717	GCC	148	148
AL_Shangrila	717	GCG	148	148
AL_Shangrila	717	GCT	148	148
AL_Shangrila	717	GGA	148	148
AL_Shangrila	717	GGC	148	148
AL_Shangrila	717	GGG	148	148
AL_Shangrila	717	GGT	148	148
AL_Shangrila	717	GTA	148	148
AL_Shangrila	717	GTC	148	148
AL_Shangrila	717	GTG	148	148
AL_Shangrila	717	GTT	148	148
AL_Shangrila	717	TAA	148	148
AL_Shangrila	717	TAC	148	148
AL_Shangrila	717	TAG	148	148
AL_Shangrila	717	TAT	148	148
AL_Shangrila	717	TCA	148	148
AL_Shangrila	717	TCC	148	148
AL_Shangrila	717	TCG	148	148
AL_Shangrila	717	TCT	148	148
AL_Shangrila	717	TGA	148	148
AL_Shangrila	717	TGC	148	148
AL_Shangrila	717	TGG	148	148
AL_Shangrila	717	TGT	148	148
AL_Shangrila	717	TTA	148	148
AL_Shangrila	717	TTC	148	148
AL_Shangrila	717	TTG	148	148
AL_Shangrila	717	TTT	148	148
AL_Shangrila	727	AAA	148	148
AL_Shangrila	727	AAC	148	148
AL_Shangrila	727	AAG	148	148
AL_Shangrila	727	AAT	148	148
AL_Shangrila	727	ACA	148	148
AL_Shangrila	727	ACC	148	148
AL_Shangrila	727	ACG	148	148
AL_Shangrila	727	ACT	148	148
AL_Shangrila	727	AGA	148	148
AL_Shangrila	727	AGC	148	148
AL_Shangrila	727	AGG	148	148
AL_Shangrila	727	AGT	148	148
AL_Shangrila	727	ATA	148	148
AL_Shangrila	727	ATC	148	148
AL_Shangrila	727	ATG	148	148
AL_Shangrila	727	ATT	148	148
AL_Shangrila	727	CAA	148	148
AL_Shangrila	727	CAC	148	148
AL_Shangrila	727	CAG	148	148
AL_Shangrila	727	CAT	148	148
AL_Shangrila	727	CCA	148	148
AL_Shangrila	727	CCC	148	148
AL_Shangrila	727	CCG	148	148
AL_Shangrila	727	CCT	148	148
AL_Shangrila	727	CGA	148	148
AL_Shangrila	727	CGC	148	148
AL_Shangrila	727	CGG	148	148
AL_Shangrila	727	CGT	148	148
AL_Shangrila	727	CTA	148	148
AL_Shangrila	727	CTC	148	148
AL_Shangrila	727	CTG	148	148
AL_Shangrila	727	CTT	148	148
AL_Shangrila	727	GAA	148	148
AL_Shangrila	727	GAC	148	148
AL_Shangrila	727	GAG	148	148
AL_Shangrila	727	GAT	148	148
AL_Shangrila	727	GCA	148	148
AL_Shangrila	727	GCC	148	148
AL_Shangrila	727	GCG	148	148
AL_Shangrila	727	GCT	148	148
AL_Shangrila	727	GGA	148	148
AL_Shangrila	727	GGC	148	148
AL_Shangrila	727	GGG	148	148
AL_Shangrila	727	GGT	148	148
AL_Shangrila	727	GTA	148	148
AL_Shangrila	727	GTC	148	148
AL_Shangrila	727	GTG	148	148
AL_Shangrila	727	GTT	148	148
AL_Shangrila	727	TAA	148	148
AL_Shangrila	727	TAC	148	148
AL_Shangrila	727	TAG	148	148
AL_Shangrila	727	TAT	148	148
AL_Shangrila	727	TCA	148	148
AL_Shangrila	727	TCC	148	148
AL_Shangrila	727	TCG	148	148
AL_Shangrila	727	TCT	148	148
AL_Shangrila	727	TGA	148	148
AL_Shangrila	727	TGC	148	148
AL_Shangrila	727	TGG	148	148
AL_Shangrila	727	TGT	148	148
AL_Shangrila	727	TTA	148	148
AL_Shangrila	727	TTC	148	148
AL_Shangrila	727	TTG	148	148
AL_Shangrila	727	TTT	148	148
AL_Shangrila	766	AAA	148	148
AL_Shangrila	766	AAC	148	148
AL_Shangrila	766	AAG	148	148
AL_Shangrila	766	AAT	148	148
AL_Shangrila	766	ACA	148	148
AL_Shangrila	766	ACC	148	148
AL_Shangrila	766	ACG	148	148
AL_Shangrila	766	ACT	148	148
AL_Shangrila	766	AGA	148	148
AL_Shangrila	766	AGC	148	148
AL_Shangrila	766	AGG	148	148
AL_Shangrila	766	AGT	148	148
AL_Shangrila	766	ATA	148	148
AL_Shangrila	766	ATC	148	148
AL_Shangrila	766	ATG	148	148
AL_Shangrila	766	ATT	148	148
AL_Shangrila	766	CAA	148	148
AL_Shangrila	766	CAC	148	148
AL_Shangrila	766	CAG	148	148
AL_Shangrila	766	CAT	148	148
AL_Shangrila	766	CCA	148	148
AL_Shangrila	766	CCC	148	148
AL_Shangrila	766	CCG	148	148
AL_Shangrila	766	CCT	148	148
AL_Shangrila	766	CGA	148	148
AL_Shangrila	766	CGC	148	148
AL_Shangrila	766	CGG	148	148
AL_Shangrila	766	CGT	148	148
AL_Shangrila	766	CTA	148	148
AL_Shangrila	766	CTC	148	148
AL_Shangrila	766	CTG	148	148
AL_Shangrila	766	CTT	148	148
AL_Shangrila	766	GAA	148	148
AL_Shangrila	766	GAC	148	148
AL_Shangrila	766	GAG	148	148
AL_Shangrila	766	GAT	148	148
AL_Shangrila	766	GCA	148	148
AL_Shangrila	766	GCC	148	148
AL_Shangrila	766	GCG	148	148
AL_Shangrila	766	GCT	148	148
AL_Shangrila	766	GGA	148	148
AL_Shangrila	766	GGC	148	148
AL_Shangrila	766	GGG	148	148
AL_Shangrila	766	GGT	148	148
AL_Shangrila	766	GTA	148	148
AL_Shangrila	766	GTC	148	148
AL_Shangrila	766	GTG	148	148
AL_Shangrila	766	GTT	148	148
AL_Shangrila	766	TAA	148	148
AL_Shangrila	766	TAC	148	148
AL_Shangrila	766	TAG	148	148
AL_Shangrila	766	TAT	148	148
AL_Shangrila	766	TCA	148	148
AL_Shangrila	766	TCC	148	148
AL_Shangrila	766	TCG	148	148
AL_Shangrila	766	TCT	148	148
AL_Shangrila	766	TGA	148	148
AL_Shangrila	766	TGC	148	148
AL_Shangrila	766	TGG	148	148
AL_Shangrila	766	TGT	148	148
AL_Shangrila	766	TTA	148	148
AL_Shangrila	766	TTC	148	148
AL_Shangrila	766	TTG	148	148
AL_Shangrila	766	TTT	148	148
AL_Shangrila	822	AAA	148	148
AL_Shangrila	822	AAC	148	148
AL_Shangrila	822	AAG	148	148
AL_Shangrila	822	AAT	148	148
AL_Shangrila	822	ACA	148	148
AL_Shangrila	822	ACC	148	148
AL_Shangrila	822	ACG	148	148
AL_Shangrila	822	ACT	148	148
AL_Shangrila	822	AGA	148	148
AL_Shangrila	822	AGC	148	148
AL_Shangrila	822	AGG	148	148
AL_Shangrila	822	AGT	148	148
AL_Shangrila	822	ATA	148	148
AL_Shangrila	822	ATC	148	148
AL_Shangrila	822	ATG	148	148
AL_Shangrila	822	ATT	148	148
AL_Shangrila	822	CAA	148	148
AL_Shangrila	822	CAC	148	148
AL_Shangrila	822	CAG	148	148
AL_Shangrila	822	CAT	148	148
AL_Shangrila	822	CCA	148	148
AL_Shangrila	822	CCC	148	148
AL_Shangrila	822	CCG	148	148
AL_Shangrila	822	CCT	148	148
AL_Shangrila	822	CGA	148	148
AL_Shangrila	822	CGC	148	148
AL_Shangrila	822	CGG	148	148
AL_Shangrila	822	CGT	148	148
AL_Shangrila	822	CTA	148	148
AL_Shangrila	822	CTC	148	148
AL_Shangrila	822	CTG	148	148
AL_Shangrila	822	CTT	148	148
AL_Shangrila	822	GAA	148	148
AL_Shangrila	822	GAC	148	148
AL_Shangrila	822	GAG	148	148
AL_Shangrila	822	GAT	148	148
AL_Shangrila	822	GCA	148	148
AL_Shangrila	822	GCC	148	148
AL_Shangrila	822	GCG	148	148
AL_Shangrila	822	GCT	148	148
AL_Shangrila	822	GGA	148	148
AL_Shangrila	822	GGC	148	148
AL_Shangrila	822	GGG	148	148
AL_Shangrila	822	GGT	148	148
AL_Shangrila	822	GTA	148	148
AL_Shangrila	822	GTC	148	148
AL_Shangrila	822	GTG	148	148
AL_Shangrila	822	GTT	148	148
AL_Shangrila	822	TAA	148	148
AL_Shangrila	822	TAC	148	148
AL_Shangrila	822	TAG	148	148
AL_Shangrila	822	TAT	148	148
AL_Shangrila	822	TCA	148	148
AL_Shangrila	822	TCC	148	148
AL_Shangrila	822	TCG	148	148
AL_Shangrila	822	TCT	148	148
AL_Shangrila	822	TGA	148	148
AL_Shangrila	822	TGC	148	148
AL_Shangrila	822	TGG	148	148
AL_Shangrila	822	TGT	148	148
AL_Shangrila	822	TTA	148	148
AL_Shangrila	822	TTC	148	148
AL_Shangrila	822	TTG	148	148
AL_Shangrila	822	TTT	148	148
AL_Shangrila	1134	AAA	148	148
AL_Shangrila	1134	AAC	148	148
AL_Shangrila	1134	AAG	148	148
AL_Shangrila	1134	AAT	148	148
AL_Shangrila	1134	ACA	148	148
AL_Shangrila	1134	ACC	148	148
AL_Shangrila	1134	ACG	148	148
AL_Shangrila	1134	ACT	148	148
AL_Shangrila	1134	AGA	148	148
AL_Shangrila	1134	AGC	148	148
AL_Shangrila	1134	AGG	148	148
AL_Shangrila	1134	AGT	148	148
AL_Shangrila	1134	ATA	148	148
AL_Shangrila	1134	ATC	148	148
AL_Shangrila	1134	ATG	148	148
AL_Shangrila	1134	ATT	148	148
AL_Shangrila	1134	CAA	148	148
AL_Shangrila	1134	CAC	148	148
AL_Shangrila	1134	CAG	148	148
AL_Shangrila	1134	CAT	148	148
AL_Shangrila	1134	CCA	148	148
AL_Shangrila	1134	CCC	148	148
AL_Shangrila	1134	CCG	148	148
AL_Shangrila	1134	CCT	148	148
AL_Shangrila	1134	CGA	148	148
AL_Shangrila	1134	CGC	148	148
AL_Shangrila	1134	CGG	148	148
AL_Shangrila	1134	CGT	148	148
AL_Shangrila	1134	CTA	148	148
AL_Shangrila	1134	CTC	148	148
AL_Shangrila	1134	CTG	148	148
AL_Shangrila	1134	CTT	148	148
AL_Shangrila	1134	GAA	148	148
AL_Shangrila	1134	GAC	148	148
AL_Shangrila	1134	GAG	148	148
AL_Shangrila	1134	GAT	148	148
AL_Shangrila	1134	GCA	148	148
AL_Shangrila	1134	GCC	148	148
AL_Shangrila	1134	GCG	148	148
AL_Shangrila	1134	GCT	148	148
AL_Shangrila	1134	GGA	148	148
AL_Shangrila	1134	GGC	148	148
AL_Shangrila	1134	GGG	148	148
AL_Shangrila	1134	GGT	148	148
AL_Shangrila	1134	GTA	148	148
AL_Shangrila	1134	GTC	148	148
AL_Shangrila	1134	GTG	148	148
AL_Shangrila	1134	GTT	148	148
AL_Shangrila	1134	TAA	148	148
AL_Shangrila	1134	TAC	148	148
AL_Shangrila	1134	TAG	148	148
AL_Shangrila	1134	TAT	148	148
AL_Shangrila	1134	TCA	148	148
AL_Shangrila	1134	TCC	148	148
AL_Shangrila	1134	TCG	148	148
AL_Shangrila	1134	TCT	148	148
AL_Shangrila	1134	TGA	148	148
AL_Shangrila	1134	TGC	148	148
AL_Shangrila	1134	TGG	148	148
AL_Shangrila	1134	TGT	148	148
AL_Shangrila	1134	TTA	148	148
AL_Shangrila	1134	TTC	148	148
AL_Shangrila	1134	TTG	148	148
AL_Shangrila	1134	TTT	148	148
AD_Malaysia	254	AAA	148	148
AD_Malaysia	254	AAC	148	148
AD_Malaysia	254	AAG	148	148
AD_Malaysia	254	AAT	148	148
AD_Malaysia	254	ACA	148	148
AD_Malaysia	254	ACC	148	148
AD_Malaysia	254	ACG	148	148
AD_Malaysia	254	ACT	148	148
AD_Malaysia	254	AGA	148	148
AD_Malaysia	254	AGC	148	148
AD_Malaysia	254	AGG	148	148
AD_Malaysia	254	AGT	148	148
AD_Malaysia	254	ATA	148	148
AD_Malaysia	254	ATC	148	148
AD_Malaysia	254	ATG	148	148
AD_Malaysia	254	ATT	148	148
AD_Malaysia	254	CAA	148	148
AD_Malaysia	254	CAC	148	148
AD_Malaysia	254	CAG	148	148
AD_Malaysia	254	CAT	148	148
AD_Malaysia	254	CCA	148	148
AD_Malaysia	254	CCC	148	148
AD_Malaysia	254	CCG	148	148
AD_Malaysia	254	CCT	148	148
AD_Malaysia	254	CGA	148	148
AD_Malaysia	254	CGC	148	148
AD_Malaysia	254	CGG	148	148
AD_Malaysia	254	CGT	148	148
AD_Malaysia	254	CTA	148	148
AD_Malaysia	254	CTC	148	148
AD_Malaysia	254	CTG	148	148
AD_Malaysia	254	CTT	148	148
AD_Malaysia	254	GAA	148	148
AD_Malaysia	254	GAC	148	148
AD_Malaysia	254	GAG	148	148
AD_Malaysia	254	GAT	148	148
AD_Malaysia	254	GCA	148	148
AD_Malaysia	254	GCC	148	148
AD_Malaysia	254	GCG	148	148
AD_Malaysia	254	GCT	148	148
AD_Malaysia	254	GGA	148	148
AD_Malaysia	254	GGC	148	148
AD_Malaysia	254	GGG	148	148
AD_Malaysia	254	GGT	148	148
AD_Malaysia	254	GTA	148	148
AD_Malaysia	254	GTC	148	148
AD_Malaysia	254	GTG	148	148
AD_Malaysia	254	GTT	148	148
AD_Malaysia	254	TAA	148	148
AD_Malaysia	254	TAC	148	148
AD_Malaysia	254	TAG	148	148
AD_Malaysia	254	TAT	148	148
AD_Malaysia	254	TCA	148	148
AD_Malaysia	254	TCC	148	148
AD_Malaysia	254	TCG	148	148
AD_Malaysia	254	TCT	148	148
AD_Malaysia	254	TGA	148	148
AD_Malaysia	254	TGC	148	148
AD_Malaysia	254	TGG	148	148
AD_Malaysia	254	TGT	148	148
AD_Malaysia	254	TTA	148	148
AD_Malaysia	254	TTC	148	148
AD_Malaysia	254	TTG	148	148
AD_Malaysia	254	TTT	148	148
AD_Malaysia	452	AAA	148	148
AD_Malaysia	452	AAC	148	148
AD_Malaysia	452	AAG	148	148
AD_Malaysia	452	AAT	148	148
AD_Malaysia	452	ACA	148	148
AD_Malaysia	452	ACC	148	148
AD_Malaysia	452	ACG	148	148
AD_Malaysia	452	ACT	148	148
AD_Malaysia	452	AGA	148	148
AD_Malaysia	452	AGC	148	148
AD_Malaysia	452	AGG	148	148
AD_Malaysia	452	AGT	148	148
AD_Malaysia	452	ATA	148	148
AD_Malaysia	452	ATC	148	148
AD_Malaysia	452	ATG	148	148
AD_Malaysia	452	ATT	148	148
AD_Malaysia	452	CAA	148	148
AD_Malaysia	452	CAC	148	148
AD_Malaysia	452	CAG	148	148
AD_Malaysia	452	CAT	148	148
AD_Malaysia	452	CCA	148	148
AD_Malaysia	452	CCC	148	148
AD_Malaysia	452	CCG	148	148
AD_Malaysia	452	CCT	148	148
AD_Malaysia	452	CGA	148	148
AD_Malaysia	452	CGC	148	148
AD_Malaysia	452	CGG	148	148
AD_Malaysia	452	CGT	148	148
AD_Malaysia	452	CTA	148	148
AD_Malaysia	452	CTC	148	148
AD_Malaysia	452	CTG	148	148
AD_Malaysia	452	CTT	148	148
AD_Malaysia	452	GAA	148	148
AD_Malaysia	452	GAC	148	148
AD_Malaysia	452	GAG	148	148
AD_Malaysia	452	GAT	148	148
AD_Malaysia	452	GCA	148	148
AD_Malaysia	452	GCC	148	148
AD_Malaysia	452	GCG	148	148
AD_Malaysia	452	GCT	148	148
AD_Malaysia	452	GGA	148	148
AD_Malaysia	452	GGC	148	148
AD_Malaysia	452	GGG	148	148
AD_Malaysia	452	GGT	148	148
AD_Malaysia	452	GTA	148	148
AD_Malaysia	452	GTC	148	148
AD_Malaysia	452	GTG	148	148
AD_Malaysia	452	GTT	148	148
AD_Malaysia	452	TAA	148	148
AD_Malaysia	452	TAC	148	148
AD_Malaysia	452	TAG	148	148
AD_Malaysia	452	TAT	148	148
AD_Malaysia	452	TCA	148	148
AD_Malaysia	452	TCC	148	148
AD_Malaysia	452	TCG	148	148
AD_Malaysia	452	TCT	148	148
AD_Malaysia	452	TGA	148	148
AD_Malaysia	452	TGC	148	148
AD_Malaysia	452	TGG	148	148
AD_Malaysia	452	TGT	148	148
AD_Malaysia	452	TTA	148	148
AD_Malaysia	452	TTC	148	148
AD_Malaysia	452	TTG	148	148
AD_Malaysia	452	TTT	148	148
AD_Malaysia	474	AAA	148	148
AD_Malaysia	474	AAC	148	148
AD_Malaysia	474	AAG	148	148
AD_Malaysia	474	AAT	148	148
AD_Malaysia	474	ACA	148	148
AD_Malaysia	474	ACC	148	148
AD_Malaysia	474	ACG	148	148
AD_Malaysia	474	ACT	148	148
AD_Malaysia	474	AGA	148	148
AD_Malaysia	474	AGC	148	148
AD_Malaysia	474	AGG	148	148
AD_Malaysia	474	AGT	148	148
AD_Malaysia	474	ATA	148	148
AD_Malaysia	474	ATC	148	148
AD_Malaysia	474	ATG	148	148
AD_Malaysia	474	ATT	148	148
AD_Malaysia	474	CAA	148	148
AD_Malaysia	474	CAC	148	148
AD_Malaysia	474	CAG	148	148
AD_Malaysia	474	CAT	148	148
AD_Malaysia	474	CCA	148	148
AD_Malaysia	474	CCC	148	148
AD_Malaysia	474	CCG	148	148
AD_Malaysia	474	CCT	148	148
AD_Malaysia	474	CGA	148	148
AD_Malaysia	474	CGC	148	148
AD_Malaysia	474	CGG	148	148
AD_Malaysia	474	CGT	148	148
AD_Malaysia	474	CTA	148	148
AD_Malaysia	474	CTC	148	148
AD_Malaysia	474	CTG	148	148
AD_Malaysia	474	CTT	148	148
AD_Malaysia	474	GAA	148	148
AD_Malaysia	474	GAC	148	148
AD_Malaysia	474	GAG	148	148
AD_Malaysia	474	GAT	148	148
AD_Malaysia	474	GCA	148	148
AD_Malaysia	474	GCC	148	148
AD_Malaysia	474	GCG	148	148
AD_Malaysia	474	GCT	148	148
AD_Malaysia	474	GGA	148	148
AD_Malaysia	474	GGC	148	148
AD_Malaysia	474	GGG	148	148
AD_Malaysia	474	GGT	148	148
AD_Malaysia	474	GTA	148	148
AD_Malaysia	474	GTC	148	148
AD_Malaysia	474	GTG	148	148
AD_Malaysia	474	GTT	148	148
AD_Malaysia	474	TAA	148	148
AD_Malaysia	474	TAC	148	148
AD_Malaysia	474	TAG	148	148
AD_Malaysia	474	TAT	148	148
AD_Malaysia	474	TCA	148	148
AD_Malaysia	474	TCC	148	148
AD_Malaysia	474	TCG	148	148
AD_Malaysia	474	TCT	148	148
AD_Malaysia	474	TGA	148	148
AD_Malaysia	474	TGC	148	148
AD_Malaysia	474	TGG	148	148
AD_Malaysia	474	TGT	148	148
AD_Malaysia	474	TTA	148	148
AD_Malaysia	474	TTC	148	148
AD_Malaysia	474	TTG	148	148
AD_Malaysia	474	TTT	148	148
AD_Malaysia	549	AAA	148	148
AD_Malaysia	549	AAC	148	148
AD_Malaysia	549	AAG	148	148
AD_Malaysia	549	AAT	148	148
AD_Malaysia	549	ACA	148	148
AD_Malaysia	549	ACC	148	148
AD_Malaysia	549	ACG	148	148
AD_Malaysia	549	ACT	148	148
AD_Malaysia	549	AGA	148	148
AD_Malaysia	549	AGC	148	148
AD_Malaysia	549	AGG	148	148
AD_Malaysia	549	AGT	148	148
AD_Malaysia	549	ATA	148	148
AD_Malaysia	549	ATC	148	148
AD_Malaysia	549	ATG	148	148
AD_Malaysia	549	ATT	148	148
AD_Malaysia	549	CAA	148	148
AD_Malaysia	549	CAC	148	148
AD_Malaysia	549	CAG	148	148
AD_Malaysia	549	CAT	148	148
AD_Malaysia	549	CCA	148	148
AD_Malaysia	549	CCC	148	148
AD_Malaysia	549	CCG	148	148
AD_Malaysia	549	CCT	148	148
AD_Malaysia	549	CGA	148	148
AD_Malaysia	549	CGC	148	148
AD_Malaysia	549	CGG	148	148
AD_Malaysia	549	CGT	148	148
AD_Malaysia	549	CTA	148	148
AD_Malaysia	549	CTC	148	148
AD_Malaysia	549	CTG	148	148
AD_Malaysia	549	CTT	148	148
AD_Malaysia	549	GAA	148	148
AD_Malaysia	549	GAC	148	148
AD_Malaysia	549	GAG	148	148
AD_Malaysia	549	GAT	148	148
AD_Malaysia	549	GCA	148	148
AD_Malaysia	549	GCC	148	148
AD_Malaysia	549	GCG	148	148
AD_Malaysia	549	GCT	148	148
AD_Malaysia	549	GGA	148	148
AD_Malaysia	549	GGC	148	148
AD_Malaysia	549	GGG	148	148
AD_Malaysia	549	GGT	148	148
AD_Malaysia	549	GTA	148	148
AD_Malaysia	549	GTC	148	148
AD_Malaysia	549	GTG	148	148
AD_Malaysia	549	GTT	148	148
AD_Malaysia	549	TAA	148	148
AD_Malaysia	549	TAC	148	148
AD_Malaysia	549	TAG	148	148
AD_Malaysia	549	TAT	148	148
AD_Malaysia	549	TCA	148	148
AD_Malaysia	549	TCC	148	148
AD_Malaysia	549	TCG	148	148
AD_Malaysia	549	TCT	148	148
AD_Malaysia	549	TGA	148	148
AD_Malaysia	549	TGC	148	148
AD_Malaysia	549	TGG	148	148
AD_Malaysia	549	TGT	148	148
AD_Malaysia	549	TTA	148	148
AD_Malaysia	549	TTC	148	148
AD_Malaysia	549	TTG	148	148
AD_Malaysia	549	TTT	148	148
AD_Malaysia	717	AAA	148	148
AD_Malaysia	717	AAC	148	148
AD_Malaysia	717	AAG	148	148
AD_Malaysia	717	AAT	148	148
AD_Malaysia	717	ACA	148	148
AD_Malaysia	717	ACC	148	148
AD_Malaysia	717	ACG	148	148
AD_Malaysia	717	ACT	148	148
AD_Malaysia	717	AGA	148	148
AD_Malaysia	717	AGC	148	148
AD_Malaysia	717	AGG	148	148
AD_Malaysia	717	AGT	148	148
AD_Malaysia	717	ATA	148	148
AD_Malaysia	717	ATC	148	148
AD_Malaysia	717	ATG	148	148
AD_Malaysia	717	ATT	148	148
AD_Malaysia	717	CAA	148	148
AD_Malaysia	717	CAC	148	148
AD_Malaysia	717	CAG	148	148
AD_Malaysia	717	CAT	148	148
AD_Malaysia	717	CCA	148	148
AD_Malaysia	717	CCC	148	148
AD_Malaysia	717	CCG	148	148
AD_Malaysia	717	CCT	148	148
AD_Malaysia	717	CGA	148	148
AD_Malaysia	717	CGC	148	148
AD_Malaysia	717	CGG	148	148
AD_Malaysia	717	CGT	148	148
AD_Malaysia	717	CTA	148	148
AD_Malaysia	717	CTC	148	148
AD_Malaysia	717	CTG	148	148
AD_Malaysia	717	CTT	148	148
AD_Malaysia	717	GAA	148	148
AD_Malaysia	717	GAC	148	148
AD_Malaysia	717	GAG	148	148
AD_Malaysia	717	GAT	148	148
AD_Malaysia	717	GCA	148	148
AD_Malaysia	717	GCC	148	148
AD_Malaysia	717	GCG	148	148
AD_Malaysia	717	GCT	148	148
AD_Malaysia	717	GGA	148	148
AD_Malaysia	717	GGC	148	148
AD_Malaysia	717	GGG	148	148
AD_Malaysia	717	GGT	148	148
AD_Malaysia	717	GTA	148	148
AD_Malaysia	717	GTC	148	148
AD_Malaysia	717	GTG	148	148
AD_Malaysia	717	GTT	148	148
AD_Malaysia	717	TAA	148	148
AD_Malaysia	717	TAC	148	148
AD_Malaysia	717	TAG	148	148
AD_Malaysia	717	TAT	148	148
AD_Malaysia	717	TCA	148	148
AD_Malaysia	717	TCC	148	148
AD_Malaysia	717	TCG	148	148
AD_Malaysia	717	TCT	148	148
AD_Malaysia	717	TGA	148	148
AD_Malaysia	717	TGC	148	148
AD_Malaysia	717	TGG	148	148
AD_Malaysia	717	TGT	148	148
AD_Malaysia	717	TTA	148	148
AD_Malaysia	717	TTC	148	148
AD_Malaysia	717	TTG	148	148
AD_Malaysia	717	TTT	148	148
AD_Malaysia	727	AAA	148	148
AD_Malaysia	727	AAC	148	148
AD_Malaysia	727	AAG	148	148
AD_Malaysia	727	AAT	148	148
AD_Malaysia	727	ACA	148	148
AD_Malaysia	727	ACC	148	148
AD_Malaysia	727	ACG	148	148
AD_Malaysia	727	ACT	148	148
AD_Malaysia	727	AGA	148	148
AD_Malaysia	727	AGC	148	148
AD_Malaysia	727	AGG	148	148
AD_Malaysia	727	AGT	148	148
AD_Malaysia	727	ATA	148	148
AD_Malaysia	727	ATC	148	148
AD_Malaysia	727	ATG	148	148
AD_Malaysia	727	ATT	148	148
AD_Malaysia	727	CAA	148	148
AD_Malaysia	727	CAC	148	148
AD_Malaysia	727	CAG	148	148
AD_Malaysia	727	CAT	148	148
AD_Malaysia	727	CCA	148	148
AD_Malaysia	727	CCC	148	148
AD_Malaysia	727	CCG	148	148
AD_Malaysia	727	CCT	148	148
AD_Malaysia	727	CGA	148	148
AD_Malaysia	727	CGC	148	148
AD_Malaysia	727	CGG	148	148
AD_Malaysia	727	CGT	148	148
AD_Malaysia	727	CTA	148	148
AD_Malaysia	727	CTC	148	148
AD_Malaysia	727	CTG	148	148
AD_Malaysia	727	CTT	148	148
AD_Malaysia	727	GAA	148	148
AD_Malaysia	727	GAC	148	148
AD_Malaysia	727	GAG	148	148
AD_Malaysia	727	GAT	148	148
AD_Malaysia	727	GCA	148	148
AD_Malaysia	727	GCC	148	148
AD_Malaysia	727	GCG	148	148
AD_Malaysia	727	GCT	148	148
AD_Malaysia	727	GGA	148	148
AD_Malaysia	727	GGC	148	148
AD_Malaysia	727	GGG	148	148
AD_Malaysia	727	GGT	148	148
AD_Malaysia	727	GTA	148	148
AD_Malaysia	727	GTC	148	148
AD_Malaysia	727	GTG	148	148
AD_Malaysia	727	GTT	148	148
AD_Malaysia	727	TAA	148	148
AD_Malaysia	727	TAC	148	148
AD_Malaysia	727	TAG	148	148
AD_Malaysia	727	TAT	148	148
AD_Malaysia	727	TCA	148	148
AD_Malaysia	727	TCC	148	148
AD_Malaysia	727	TCG	148	148
AD_Malaysia	727	TCT	148	148
AD_Malaysia	727	TGA	148	148
AD_Malaysia	727	TGC	148	148
AD_Malaysia	727	TGG	148	148
AD_Malaysia	727	TGT	148	148
AD_Malaysia	727	TTA	148	148
AD_Malaysia	727	TTC	148	148
AD_Malaysia	727	TTG	148	148
AD_Malaysia	727	TTT	148	148
AD_Malaysia	766	AAA	148	148
AD_Malaysia	766	AAC	148	148
AD_Malaysia	766	AAG	148	148
AD_Malaysia	766	AAT	148	148
AD_Malaysia	766	ACA	148	148
AD_Malaysia	766	ACC	148	148
AD_Malaysia	766	ACG	148	148
AD_Malaysia	766	ACT	148	148
AD_Malaysia	766	AGA	148	148
AD_Malaysia	766	AGC	148	148
AD_Malaysia	766	AGG	148	148
AD_Malaysia	766	AGT	148	148
AD_Malaysia	766	ATA	148	148
AD_Malaysia	766	ATC	148	148
AD_Malaysia	766	ATG	148	148
AD_Malaysia	766	ATT	148	148
AD_Malaysia	766	CAA	148	148
AD_Malaysia	766	CAC	148	148
AD_Malaysia	766	CAG	148	148
AD_Malaysia	766	CAT	148	148
AD_Malaysia	766	CCA	148	148
AD_Malaysia	766	CCC	148	148
AD_Malaysia	766	CCG	148	148
AD_Malaysia	766	CCT	148	148
AD_Malaysia	766	CGA	148	148
AD_Malaysia	766	CGC	148	148
AD_Malaysia	766	CGG	148	148
AD_Malaysia	766	CGT	148	148
AD_Malaysia	766	CTA	148	148
AD_Malaysia	766	CTC	148	148
AD_Malaysia	766	CTG	148	148
AD_Malaysia	766	CTT	148	148
AD_Malaysia	766	GAA	148	148
AD_Malaysia	766	GAC	148	148
AD_Malaysia	766	GAG	148	148
AD_Malaysia	766	GAT	148	148
AD_Malaysia	766	GCA	148	148
AD_Malaysia	766	GCC	148	148
AD_Malaysia	766	GCG	148	148
AD_Malaysia	766	GCT	148	148
AD_Malaysia	766	GGA	148	148
AD_Malaysia	766	GGC	148	148
AD_Malaysia	766	GGG	148	148
AD_Malaysia	766	GGT	148	148
AD_Malaysia	766	GTA	148	148
AD_Malaysia	766	GTC	148	148
AD_Malaysia	766	GTG	148	148
AD_Malaysia	766	GTT	148	148
AD_Malaysia	766	TAA	148	148
AD_Malaysia	766	TAC	148	148
AD_Malaysia	766	TAG	148	148
AD_Malaysia	766	TAT	148	148
AD_Malaysia	766	TCA	148	148
AD_Malaysia	766	TCC	148	148
AD_Malaysia	766	TCG	148	148
AD_Malaysia	766	TCT	148	148
AD_Malaysia	766	TGA	148	148
AD_Malaysia	766	TGC	148	148
AD_Malaysia	766	TGG	148	148
AD_Malaysia	766	TGT	148	148
AD_Malaysia	766	TTA	148	148
AD_Malaysia	766	TTC	148	148
AD_Malaysia	766	TTG	148	148
AD_Malaysia	766	TTT	148	148
AD_Malaysia	822	AAA	148	148
AD_Malaysia	822	AAC	148	148
AD_Malaysia	822	AAG	148	148
AD_Malaysia	822	AAT	148	148
AD_Malaysia	822	ACA	148	148
AD_Malaysia	822	ACC	148	148
AD_Malaysia	822	ACG	148	148
AD_Malaysia	822	ACT	148	148
AD_Malaysia	822	AGA	148	148
AD_Malaysia	822	AGC	148	148
AD_Malaysia	822	AGG	148	148
AD_Malaysia	822	AGT	148	148
AD_Malaysia	822	ATA	148	148
AD_Malaysia	822	ATC	148	148
AD_Malaysia	822	ATG	148	148
AD_Malaysia	822	ATT	148	148
AD_Malaysia	822	CAA	148	148
AD_Malaysia	822	CAC	148	148
AD_Malaysia	822	CAG	148	148
AD_Malaysia	822	CAT	148	148
AD_Malaysia	822	CCA	148	148
AD_Malaysia	822	CCC	148	148
AD_Malaysia	822	CCG	148	148
AD_Malaysia	822	CCT	148	148
AD_Malaysia	822	CGA	148	148
AD_Malaysia	822	CGC	148	148
AD_Malaysia	822	CGG	148	148
AD_Malaysia	822	CGT	148	148
AD_Malaysia	822	CTA	148	148
AD_Malaysia	822	CTC	148	148
AD_Malaysia	822	CTG	148	148
AD_Malaysia	822	CTT	148	148
AD_Malaysia	822	GAA	148	148
AD_Malaysia	822	GAC	148	148
AD_Malaysia	822	GAG	148	148
AD_Malaysia	822	GAT	148	148
AD_Malaysia	822	GCA	148	148
AD_Malaysia	822	GCC	148	148
AD_Malaysia	822	GCG	148	148
AD_Malaysia	822	GCT	148	148
AD_Malaysia	822	GGA	148	148
AD_Malaysia	822	GGC	148	148
AD_Malaysia	822	GGG	148	148
AD_Malaysia	822	GGT	148	148
AD_Malaysia	822	GTA	148	148
AD_Malaysia	822	GTC	148	148
AD_Malaysia	822	GTG	148	148
AD_Malaysia	822	GTT	148	148
AD_Malaysia	822	TAA	148	148
AD_Malaysia	822	TAC	148	148
AD_Malaysia	822	TAG	148	148
AD_Malaysia	822	TAT	148	148
AD_Malaysia	822	TCA	148	148
AD_Malaysia	822	TCC	148	148
AD_Malaysia	822	TCG	148	148
AD_Malaysia	822	TCT	148	148
AD_Malaysia	822	TGA	148	148
AD_Malaysia	822	TGC	148	148
AD_Malaysia	822	TGG	148	148
AD_Malaysia	822	TGT	148	148
AD_Malaysia	822	TTA	148	148
AD_Malaysia	822	TTC	148	148
AD_Malaysia	822	TTG	148	148
AD_Malaysia	822	TTT	148	148
AD_Malaysia	1134	AAA	148	148
AD_Malaysia	1134	AAC	148	148
AD_Malaysia	1134	AAG	148	148
AD_Malaysia	1134	AAT	148	148
AD_Malaysia	1134	ACA	148	148
AD_Malaysia	1134	ACC	148	148
AD_Malaysia	1134	ACG	148	148
AD_Malaysia	1134	ACT	148	148
AD_Malaysia	1134	AGA	148	148
AD_Malaysia	1134	AGC	148	148
AD_Malaysia	1134	AGG	148	148
AD_Malaysia	1134	AGT	148	148
AD_Malaysia	1134	ATA	148	148
AD_Malaysia	1134	ATC	148	148
AD_Malaysia	1134	ATG	148	148
AD_Malaysia	1134	ATT	148	148
AD_Malaysia	1134	CAA	148	148
AD_Malaysia	1134	CAC	148	148
AD_Malaysia	1134	CAG	148	148
AD_Malaysia	1134	CAT	148	148
AD_Malaysia	1134	CCA	148	148
AD_Malaysia	1134	CCC	148	148
AD_Malaysia	1134	CCG	148	148
AD_Malaysia	1134	CCT	148	148
AD_Malaysia	1134	CGA	148	148
AD_Malaysia	1134	CGC	148	148
AD_Malaysia	1134	CGG	148	148
AD_Malaysia	1134	CGT	148	148
AD_Malaysia	1134	CTA	148	148
AD_Malaysia	1134	CTC	148	148
AD_Malaysia	1134	CTG	148	148
AD_Malaysia	1134	CTT	148	148
AD_Malaysia	1134	GAA	148	148
AD_Malaysia	1134	GAC	148	148
AD_Malaysia	1134	GAG	148	148
AD_Malaysia	1134	GAT	148	148
AD_Malaysia	1134	GCA	148	148
AD_Malaysia	1134	GCC	148	148
AD_Malaysia	1134	GCG	148	148
AD_Malaysia	1134	GCT	148	148
AD_Malaysia	1134	GGA	148	148
AD_Malaysia	1134	GGC	148	148
AD_Malaysia	1134	GGG	148	148
AD_Malaysia	1134	GGT	148	148
AD_Malaysia	1134	GTA	148	148
AD_Malaysia	1134	GTC	148	148
AD_Malaysia	1134	GTG	148	148
AD_Malaysia	1134	GTT	148	148
AD_Malaysia	1134	TAA	148	148
AD_Malaysia	1134	TAC	148	148
AD_Malaysia	1134	TAG	148	148
AD_Malaysia	1134	TAT	148	148
AD_Malaysia	1134	TCA	148	148
AD_Malaysia	1134	TCC	148	148
AD_Malaysia	1134	TCG	148	148
AD_Malaysia	1134	TCT	148	148
AD_Malaysia	1134	TGA	148	148
AD_Malaysia	1134	TGC	148	148
AD_Malaysia	1134	TGG	148	148
AD_Malaysia	1134	TGT	148	148
AD_Malaysia	1134	TTA	148	148
AD_Malaysia	1134	TTC	148	148
AD_Malaysia	1134	TTG	148	148
AD_Malaysia	1134	TTT	148	148
AL_Pingbian	254	AAA	148	148
AL_Pingbian	254	AAC	148	148
AL_Pingbian	254	AAG	148	148
AL_Pingbian	254	AAT	148	148
AL_Pingbian	254	ACA	148	148
AL_Pingbian	254	ACC	148	148
AL_Pingbian	254	ACG	148	148
AL_Pingbian	254	ACT	148	148
AL_Pingbian	254	AGA	148	148
AL_Pingbian	254	AGC	148	148
AL_Pingbian	254	AGG	148	148
AL_Pingbian	254	AGT	148	148
AL_Pingbian	254	ATA	148	148
AL_Pingbian	254	ATC	148	148
AL_Pingbian	254	ATG	148	148
AL_Pingbian	254	ATT	148	148
AL_Pingbian	254	CAA	148	148
AL_Pingbian	254	CAC	148	148
AL_Pingbian	254	CAG	148	148
AL_Pingbian	254	CAT	148	148
AL_Pingbian	254	CCA	148	148
AL_Pingbian	254	CCC	148	148
AL_Pingbian	254	CCG	148	148
AL_Pingbian	254	CCT	148	148
AL_Pingbian	254	CGA	148	148
AL_Pingbian	254	CGC	148	148
AL_Pingbian	254	CGG	148	148
AL_Pingbian	254	CGT	148	148
AL_Pingbian	254	CTA	148	148
AL_Pingbian	254	CTC	148	148
AL_Pingbian	254	CTG	148	148
AL_Pingbian	254	CTT	148	148
AL_Pingbian	254	GAA	148	148
AL_Pingbian	254	GAC	148	148
AL_Pingbian	254	GAG	148	148
AL_Pingbian	254	GAT	148	148
AL_Pingbian	254	GCA	148	148
AL_Pingbian	254	GCC	148	148
AL_Pingbian	254	GCG	148	148
AL_Pingbian	254	GCT	148	148
AL_Pingbian	254	GGA	148	148
AL_Pingbian	254	GGC	148	148
AL_Pingbian	254	GGG	148	148
AL_Pingbian	254	GGT	148	148
AL_Pingbian	254	GTA	148	148
AL_Pingbian	254	GTC	148	148
AL_Pingbian	254	GTG	148	148
AL_Pingbian	254	GTT	148	148
AL_Pingbian	254	TAA	148	148
AL_Pingbian	254	TAC	148	148
AL_Pingbian	254	TAG	148	148
AL_Pingbian	254	TAT	148	148
AL_Pingbian	254	TCA	148	148
AL_Pingbian	254	TCC	148	148
AL_Pingbian	254	TCG	148	148
AL_Pingbian	254	TCT	148	148
AL_Pingbian	254	TGA	148	148
AL_Pingbian	254	TGC	148	148
AL_Pingbian	254	TGG	148	148
AL_Pingbian	254	TGT	148	148
AL_Pingbian	254	TTA	148	148
AL_Pingbian	254	TTC	148	148
AL_Pingbian	254	TTG	148	148
AL_Pingbian	254	TTT	148	148
AL_Pingbian	452	AAA	148	148
AL_Pingbian	452	AAC	148	148
AL_Pingbian	452	AAG	148	148
AL_Pingbian	452	AAT	148	148
AL_Pingbian	452	ACA	148	148
AL_Pingbian	452	ACC	148	148
AL_Pingbian	452	ACG	148	148
AL_Pingbian	452	ACT	148	148
AL_Pingbian	452	AGA	148	148
AL_Pingbian	452	AGC	148	148
AL_Pingbian	452	AGG	148	148
AL_Pingbian	452	AGT	148	148
AL_Pingbian	452	ATA	148	148
AL_Pingbian	452	ATC	148	148
AL_Pingbian	452	ATG	148	148
AL_Pingbian	452	ATT	148	148
AL_Pingbian	452	CAA	148	148
AL_Pingbian	452	CAC	148	148
AL_Pingbian	452	CAG	148	148
AL_Pingbian	452	CAT	148	148
AL_Pingbian	452	CCA	148	148
AL_Pingbian	452	CCC	148	148
AL_Pingbian	452	CCG	148	148
AL_Pingbian	452	CCT	148	148
AL_Pingbian	452	CGA	148	148
AL_Pingbian	452	CGC	148	148
AL_Pingbian	452	CGG	148	148
AL_Pingbian	452	CGT	148	148
AL_Pingbian	452	CTA	148	148
AL_Pingbian	452	CTC	148	148
AL_Pingbian	452	CTG	148	148
AL_Pingbian	452	CTT	148	148
AL_Pingbian	452	GAA	148	148
AL_Pingbian	452	GAC	148	148
AL_Pingbian	452	GAG	148	148
AL_Pingbian	452	GAT	148	148
AL_Pingbian	452	GCA	148	148
AL_Pingbian	452	GCC	148	148
AL_Pingbian	452	GCG	148	148
AL_Pingbian	452	GCT	148	148
AL_Pingbian	452	GGA	148	148
AL_Pingbian	452	GGC	148	148
AL_Pingbian	452	GGG	148	148
AL_Pingbian	452	GGT	148	148
AL_Pingbian	452	GTA	148	148
AL_Pingbian	452	GTC	148	148
AL_Pingbian	452	GTG	148	148
AL_Pingbian	452	GTT	148	148
AL_Pingbian	452	TAA	148	148
AL_Pingbian	452	TAC	148	148
AL_Pingbian	452	TAG	148	148
AL_Pingbian	452	TAT	148	148
AL_Pingbian	452	TCA	148	148
AL_Pingbian	452	TCC	148	148
AL_Pingbian	452	TCG	148	148
AL_Pingbian	452	TCT	148	148
AL_Pingbian	452	TGA	148	148
AL_Pingbian	452	TGC	148	148
AL_Pingbian	452	TGG	148	148
AL_Pingbian	452	TGT	148	148
AL_Pingbian	452	TTA	148	148
AL_Pingbian	452	TTC	148	148
AL_Pingbian	452	TTG	148	148
AL_Pingbian	452	TTT	148	148
AL_Pingbian	474	AAA	148	148
AL_Pingbian	474	AAC	148	148
AL_Pingbian	474	AAG	148	148
AL_Pingbian	474	AAT	148	148
AL_Pingbian	474	ACA	148	148
AL_Pingbian	474	ACC	148	148
AL_Pingbian	474	ACG	148	148
AL_Pingbian	474	ACT	148	148
AL_Pingbian	474	AGA	148	148
AL_Pingbian	474	AGC	148	148
AL_Pingbian	474	AGG	148	148
AL_Pingbian	474	AGT	148	148
AL_Pingbian	474	ATA	148	148
AL_Pingbian	474	ATC	148	148
AL_Pingbian	474	ATG	148	148
AL_Pingbian	474	ATT	148	148
AL_Pingbian	474	CAA	148	148
AL_Pingbian	474	CAC	148	148
AL_Pingbian	474	CAG	148	148
AL_Pingbian	474	CAT	148	148
AL_Pingbian	474	CCA	148	148
AL_Pingbian	474	CCC	148	148
AL_Pingbian	474	CCG	148	148
AL_Pingbian	474	CCT	148	148
AL_Pingbian	474	CGA	148	148
AL_Pingbian	474	CGC	148	148
AL_Pingbian	474	CGG	148	148
AL_Pingbian	474	CGT	148	148
AL_Pingbian	474	CTA	148	148
AL_Pingbian	474	CTC	148	148
AL_Pingbian	474	CTG	148	148
AL_Pingbian	474	CTT	148	148
AL_Pingbian	474	GAA	148	148
AL_Pingbian	474	GAC	148	148
AL_Pingbian	474	GAG	148	148
AL_Pingbian	474	GAT	148	148
AL_Pingbian	474	GCA	148	148
AL_Pingbian	474	GCC	148	148
AL_Pingbian	474	GCG	148	148
AL_Pingbian	474	GCT	148	148
AL_Pingbian	474	GGA	148	148
AL_Pingbian	474	GGC	148	148
AL_Pingbian	474	GGG	148	148
AL_Pingbian	474	GGT	148	148
AL_Pingbian	474	GTA	148	148
AL_Pingbian	474	GTC	148	148
AL_Pingbian	474	GTG	148	148
AL_Pingbian	474	GTT	148	148
AL_Pingbian	474	TAA	148	148
AL_Pingbian	474	TAC	148	148
AL_Pingbian	474	TAG	148	148
AL_Pingbian	474	TAT	148	148
AL_Pingbian	474	TCA	148	148
AL_Pingbian	474	TCC	148	148
AL_Pingbian	474	TCG	148	148
AL_Pingbian	474	TCT	148	148
AL_Pingbian	474	TGA	148	148
AL_Pingbian	474	TGC	148	148
AL_Pingbian	474	TGG	148	148
AL_Pingbian	474	TGT	148	148
AL_Pingbian	474	TTA	148	148
AL_Pingbian	474	TTC	148	148
AL_Pingbian	474	TTG	148	148
AL_Pingbian	474	TTT	148	148
AL_Pingbian	549	AAA	148	148
AL_Pingbian	549	AAC	148	148
AL_Pingbian	549	AAG	148	148
AL_Pingbian	549	AAT	148	148
AL_Pingbian	549	ACA	148	148
AL_Pingbian	549	ACC	148	148
AL_Pingbian	549	ACG	148	148
AL_Pingbian	549	ACT	148	148
AL_Pingbian	549	AGA	148	148
AL_Pingbian	549	AGC	148	148
AL_Pingbian	549	AGG	148	148
AL_Pingbian	549	AGT	148	148
AL_Pingbian	549	ATA	148	148
AL_Pingbian	549	ATC	148	148
AL_Pingbian	549	ATG	148	148
AL_Pingbian	549	ATT	148	148
AL_Pingbian	549	CAA	148	148
AL_Pingbian	549	CAC	148	148
AL_Pingbian	549	CAG	148	148
AL_Pingbian	549	CAT	148	148
AL_Pingbian	549	CCA	148	148
AL_Pingbian	549	CCC	148	148
AL_Pingbian	549	CCG	148	148
AL_Pingbian	549	CCT	148	148
AL_Pingbian	549	CGA	148	148
AL_Pingbian	549	CGC	148	148
AL_Pingbian	549	CGG	148	148
AL_Pingbian	549	CGT	148	148
AL_Pingbian	549	CTA	148	148
AL_Pingbian	549	CTC	148	148
AL_Pingbian	549	CTG	148	148
AL_Pingbian	549	CTT	148	148
AL_Pingbian	549	GAA	148	148
AL_Pingbian	549	GAC	148	148
AL_Pingbian	549	GAG	148	148
AL_Pingbian	549	GAT	148	148
AL_Pingbian	549	GCA	148	148
AL_Pingbian	549	GCC	148	148
AL_Pingbian	549	GCG	148	148
AL_Pingbian	549	GCT	148	148
AL_Pingbian	549	GGA	148	148
AL_Pingbian	549	GGC	148	148
AL_Pingbian	549	GGG	148	148
AL_Pingbian	549	GGT	148	148
AL_Pingbian	549	GTA	148	148
AL_Pingbian	549	GTC	148	148
AL_Pingbian	549	GTG	148	148
AL_Pingbian	549	GTT	148	148
AL_Pingbian	549	TAA	148	148
AL_Pingbian	549	TAC	148	148
AL_Pingbian	549	TAG	148	148
AL_Pingbian	549	TAT	148	148
AL_Pingbian	549	TCA	148	148
AL_Pingbian	549	TCC	148	148
AL_Pingbian	549	TCG	148	148
AL_Pingbian	549	TCT	148	148
AL_Pingbian	549	TGA	148	148
AL_Pingbian	549	TGC	148	148
AL_Pingbian	549	TGG	148	148
AL_Pingbian	549	TGT	148	148
AL_Pingbian	549	TTA	148	148
AL_Pingbian	549	TTC	148	148
AL_Pingbian	549	TTG	148	148
AL_Pingbian	549	TTT	148	148
AL_Pingbian	717	AAA	148	148
AL_Pingbian	717	AAC	148	148
AL_Pingbian	717	AAG	148	148
AL_Pingbian	717	AAT	148	148
AL_Pingbian	717	ACA	148	148
AL_Pingbian	717	ACC	148	148
AL_Pingbian	717	ACG	148	148
AL_Pingbian	717	ACT	148	148
AL_Pingbian	717	AGA	148	148
AL_Pingbian	717	AGC	148	148
AL_Pingbian	717	AGG	148	148
AL_Pingbian	717	AGT	148	148
AL_Pingbian	717	ATA	148	148
AL_Pingbian	717	ATC	148	148
AL_Pingbian	717	ATG	148	148
AL_Pingbian	717	ATT	148	148
AL_Pingbian	717	CAA	148	148
AL_Pingbian	717	CAC	148	148
AL_Pingbian	717	CAG	148	148
AL_Pingbian	717	CAT	148	148
AL_Pingbian	717	CCA	148	148
AL_Pingbian	717	CCC	148	148
AL_Pingbian	717	CCG	148	148
AL_Pingbian	717	CCT	148	148
AL_Pingbian	717	CGA	148	148
AL_Pingbian	717	CGC	148	148
AL_Pingbian	717	CGG	148	148
AL_Pingbian	717	CGT	148	148
AL_Pingbian	717	CTA	148	148
AL_Pingbian	717	CTC	148	148
AL_Pingbian	717	CTG	148	148
AL_Pingbian	717	CTT	148	148
AL_Pingbian	717	GAA	148	148
AL_Pingbian	717	GAC	148	148
AL_Pingbian	717	GAG	148	148
AL_Pingbian	717	GAT	148	148
AL_Pingbian	717	GCA	148	148
AL_Pingbian	717	GCC	148	148
AL_Pingbian	717	GCG	148	148
AL_Pingbian	717	GCT	148	148
AL_Pingbian	717	GGA	148	148
AL_Pingbian	717	GGC	148	148
AL_Pingbian	717	GGG	148	148
AL_Pingbian	717	GGT	148	148
AL_Pingbian	717	GTA	148	148
AL_Pingbian	717	GTC	148	148
AL_Pingbian	717	GTG	148	148
AL_Pingbian	717	GTT	148	148
AL_Pingbian	717	TAA	148	148
AL_Pingbian	717	TAC	148	148
AL_Pingbian	717	TAG	148	148
AL_Pingbian	717	TAT	148	148
AL_Pingbian	717	TCA	148	148
AL_Pingbian	717	TCC	148	148
AL_Pingbian	717	TCG	148	148
AL_Pingbian	717	TCT	148	148
AL_Pingbian	717	TGA	148	148
AL_Pingbian	717	TGC	148	148
AL_Pingbian	717	TGG	148	148
AL_Pingbian	717	TGT	148	148
AL_Pingbian	717	TTA	148	148
AL_Pingbian	717	TTC	148	148
AL_Pingbian	717	TTG	148	148
AL_Pingbian	717	TTT	148	148
AL_Pingbian	727	AAA	148	148
AL_Pingbian	727	AAC	148	148
AL_Pingbian	727	AAG	148	148
AL_Pingbian	727	AAT	148	148
AL_Pingbian	727	ACA	148	148
AL_Pingbian	727	ACC	148	148
AL_Pingbian	727	ACG	148	148
AL_Pingbian	727	ACT	148	148
AL_Pingbian	727	AGA	148	148
AL_Pingbian	727	AGC	148	148
AL_Pingbian	727	AGG	148	148
AL_Pingbian	727	AGT	148	148
AL_Pingbian	727	ATA	148	148
AL_Pingbian	727	ATC	148	148
AL_Pingbian	727	ATG	148	148
AL_Pingbian	727	ATT	148	148
AL_Pingbian	727	CAA	148	148
AL_Pingbian	727	CAC	148	148
AL_Pingbian	727	CAG	148	148
AL_Pingbian	727	CAT	148	148
AL_Pingbian	727	CCA	148	148
AL_Pingbian	727	CCC	148	148
AL_Pingbian	727	CCG	148	148
AL_Pingbian	727	CCT	148	148
AL_Pingbian	727	CGA	148	148
AL_Pingbian	727	CGC	148	148
AL_Pingbian	727	CGG	148	148
AL_Pingbian	727	CGT	148	148
AL_Pingbian	727	CTA	148	148
AL_Pingbian	727	CTC	148	148
AL_Pingbian	727	CTG	148	148
AL_Pingbian	727	CTT	148	148
AL_Pingbian	727	GAA	148	148
AL_Pingbian	727	GAC	148	148
AL_Pingbian	727	GAG	148	148
AL_Pingbian	727	GAT	148	148
AL_Pingbian	727	GCA	148	148
AL_Pingbian	727	GCC	148	148
AL_Pingbian	727	GCG	148	148
AL_Pingbian	727	GCT	148	148
AL_Pingbian	727	GGA	148	148
AL_Pingbian	727	GGC	148	148
AL_Pingbian	727	GGG	148	148
AL_Pingbian	727	GGT	148	148
AL_Pingbian	727	GTA	148	148
AL_Pingbian	727	GTC	148	148
AL_Pingbian	727	GTG	148	148
AL_Pingbian	727	GTT	148	148
AL_Pingbian	727	TAA	148	148
AL_Pingbian	727	TAC	148	148
AL_Pingbian	727	TAG	148	148
AL_Pingbian	727	TAT	148	148
AL_Pingbian	727	TCA	148	148
AL_Pingbian	727	TCC	148	148
AL_Pingbian	727	TCG	148	148
AL_Pingbian	727	TCT	148	148
AL_Pingbian	727	TGA	148	148
AL_Pingbian	727	TGC	148	148
AL_Pingbian	727	TGG	148	148
AL_Pingbian	727	TGT	148	148
AL_Pingbian	727	TTA	148	148
AL_Pingbian	727	TTC	148	148
AL_Pingbian	727	TTG	148	148
AL_Pingbian	727	TTT	148	148
AL_Pingbian	766	AAA	148	148
AL_Pingbian	766	AAC	148	148
AL_Pingbian	766	AAG	148	148
AL_Pingbian	766	AAT	148	148
AL_Pingbian	766	ACA	148	148
AL_Pingbian	766	ACC	148	148
AL_Pingbian	766	ACG	148	148
AL_Pingbian	766	ACT	148	148
AL_Pingbian	766	AGA	148	148
AL_Pingbian	766	AGC	148	148
AL_Pingbian	766	AGG	148	148
AL_Pingbian	766	AGT	148	148
AL_Pingbian	766	ATA	148	148
AL_Pingbian	766	ATC	148	148
AL_Pingbian	766	ATG	148	148
AL_Pingbian	766	ATT	148	148
AL_Pingbian	766	CAA	148	148
AL_Pingbian	766	CAC	148	148
AL_Pingbian	766	CAG	148	148
AL_Pingbian	766	CAT	148	148
AL_Pingbian	766	CCA	148	148
AL_Pingbian	766	CCC	148	148
AL_Pingbian	766	CCG	148	148
AL_Pingbian	766	CCT	148	148
AL_Pingbian	766	CGA	148	148
AL_Pingbian	766	CGC	148	148
AL_Pingbian	766	CGG	148	148
AL_Pingbian	766	CGT	148	148
AL_Pingbian	766	CTA	148	148
AL_Pingbian	766	CTC	148	148
AL_Pingbian	766	CTG	148	148
AL_Pingbian	766	CTT	148	148
AL_Pingbian	766	GAA	148	148
AL_Pingbian	766	GAC	148	148
AL_Pingbian	766	GAG	148	148
AL_Pingbian	766	GAT	148	148
AL_Pingbian	766	GCA	148	148
AL_Pingbian	766	GCC	148	148
AL_Pingbian	766	GCG	148	148
AL_Pingbian	766	GCT	148	148
AL_Pingbian	766	GGA	148	148
AL_Pingbian	766	GGC	148	148
AL_Pingbian	766	GGG	148	148
AL_Pingbian	766	GGT	148	148
AL_Pingbian	766	GTA	148	148
AL_Pingbian	766	GTC	148	148
AL_Pingbian	766	GTG	148	148
AL_Pingbian	766	GTT	148	148
AL_Pingbian	766	TAA	148	148
AL_Pingbian	766	TAC	148	148
AL_Pingbian	766	TAG	148	148
AL_Pingbian	766	TAT	148	148
AL_Pingbian	766	TCA	148	148
AL_Pingbian	766	TCC	148	148
AL_Pingbian	766	TCG	148	148
AL_Pingbian	766	TCT	148	148
AL_Pingbian	766	TGA	148	148
AL_Pingbian	766	TGC	148	148
AL_Pingbian	766	TGG	148	148
AL_Pingbian	766	TGT	148	148
AL_Pingbian	766	TTA	148	148
AL_Pingbian	766	TTC	148	148
AL_Pingbian	766	TTG	148	148
AL_Pingbian	766	TTT	148	148
AL_Pingbian	822	AAA	148	148
AL_Pingbian	822	AAC	148	148
AL_Pingbian	822	AAG	148	148
AL_Pingbian	822	AAT	148	148
AL_Pingbian	822	ACA	148	148
AL_Pingbian	822	ACC	148	148
AL_Pingbian	822	ACG	148	148
AL_Pingbian	822	ACT	148	148
AL_Pingbian	822	AGA	148	148
AL_Pingbian	822	AGC	148	148
AL_Pingbian	822	AGG	148	148
AL_Pingbian	822	AGT	148	148
AL_Pingbian	822	ATA	148	148
AL_Pingbian	822	ATC	148	148
AL_Pingbian	822	ATG	148	148
AL_Pingbian	822	ATT	148	148
AL_Pingbian	822	CAA	148	148
AL_Pingbian	822	CAC	148	148
AL_Pingbian	822	CAG	148	148
AL_Pingbian	822	CAT	148	148
AL_Pingbian	822	CCA	148	148
AL_Pingbian	822	CCC	148	148
AL_Pingbian	822	CCG	148	148
AL_Pingbian	822	CCT	148	148
AL_Pingbian	822	CGA	148	148
AL_Pingbian	822	CGC	148	148
AL_Pingbian	822	CGG	148	148
AL_Pingbian	822	CGT	148	148
AL_Pingbian	822	CTA	148	148
AL_Pingbian	822	CTC	148	148
AL_Pingbian	822	CTG	148	148
AL_Pingbian	822	CTT	148	148
AL_Pingbian	822	GAA	148	148
AL_Pingbian	822	GAC	148	148
AL_Pingbian	822	GAG	148	148
AL_Pingbian	822	GAT	148	148
AL_Pingbian	822	GCA	148	148
AL_Pingbian	822	GCC	148	148
AL_Pingbian	822	GCG	148	148
AL_Pingbian	822	GCT	148	148
AL_Pingbian	822	GGA	148	148
AL_Pingbian	822	GGC	148	148
AL_Pingbian	822	GGG	148	148
AL_Pingbian	822	GGT	148	148
AL_Pingbian	822	GTA	148	148
AL_Pingbian	822	GTC	148	148
AL_Pingbian	822	GTG	148	148
AL_Pingbian	822	GTT	148	148
AL_Pingbian	822	TAA	148	148
AL_Pingbian	822	TAC	148	148
AL_Pingbian	822	TAG	148	148
AL_Pingbian	822	TAT	148	148
AL_Pingbian	822	TCA	148	148
AL_Pingbian	822	TCC	148	148
AL_Pingbian	822	TCG	148	148
AL_Pingbian	822	TCT	148	148
AL_Pingbian	822	TGA	148	148
AL_Pingbian	822	TGC	148	148
AL_Pingbian	822	TGG	148	148
AL_Pingbian	822	TGT	148	148
AL_Pingbian	822	TTA	148	148
AL_Pingbian	822	TTC	148	148
AL_Pingbian	822	TTG	148	148
AL_Pingbian	822	TTT	148	148
AL_Pingbian	1134	AAA	148	148
AL_Pingbian	1134	AAC	148	148
AL_Pingbian	1134	AAG	148	148
AL_Pingbian	1134	AAT	148	148
AL_Pingbian	1134	ACA	148	148
AL_Pingbian	1134	ACC	148	148
AL_Pingbian	1134	ACG	148	148
AL_Pingbian	1134	ACT	148	148
AL_Pingbian	1134	AGA	148	148
AL_Pingbian	1134	AGC	148	148
AL_Pingbian	1134	AGG	148	148
AL_Pingbian	1134	AGT	148	148
AL_Pingbian	1134	ATA	148	148
AL_Pingbian	1134	ATC	148	148
AL_Pingbian	1134	ATG	148	148
AL_Pingbian	1134	ATT	148	148
AL_Pingbian	1134	CAA	148	148
AL_Pingbian	1134	CAC	148	148
AL_Pingbian	1134	CAG	148	148
AL_Pingbian	1134	CAT	148	148
AL_Pingbian	1134	CCA	148	148
AL_Pingbian	1134	CCC	148	148
AL_Pingbian	1134	CCG	148	148
AL_Pingbian	1134	CCT	148	148
AL_Pingbian	1134	CGA	148	148
AL_Pingbian	1134	CGC	148	148
AL_Pingbian	1134	CGG	148	148
AL_Pingbian	1134	CGT	148	148
AL_Pingbian	1134	CTA	148	148
AL_Pingbian	1134	CTC	148	148
AL_Pingbian	1134	CTG	148	148
AL_Pingbian	1134	CTT	148	148
AL_Pingbian	1134	GAA	148	148
AL_Pingbian	1134	GAC	148	148
AL_Pingbian	1134	GAG	148	148
AL_Pingbian	1134	GAT	148	148
AL_Pingbian	1134	GCA	148	148
AL_Pingbian	1134	GCC	148	148
AL_Pingbian	1134	GCG	148	148
AL_Pingbian	1134	GCT	148	148
AL_Pingbian	1134	GGA	148	148
AL_Pingbian	1134	GGC	148	148
AL_Pingbian	1134	GGG	148	148
AL_Pingbian	1134	GGT	148	148
AL_Pingbian	1134	GTA	148	148
AL_Pingbian	1134	GTC	148	148
AL_Pingbian	1134	GTG	148	148
AL_Pingbian	1134	GTT	148	148
AL_Pingbian	1134	TAA	148	148
AL_Pingbian	1134	TAC	148	148
AL_Pingbian	1134	TAG	148	148
AL_Pingbian	1134	TAT	148	148
AL_Pingbian	1134	TCA	148	148
AL_Pingbian	1134	TCC	148	148
AL_Pingbian	1134	TCG	148	148
AL_Pingbian	1134	TCT	148	148
AL_Pingbian	1134	TGA	148	148
AL_Pingbian	1134	TGC	148	148
AL_Pingbian	1134	TGG	148	148
AL_Pingbian	1134	TGT	148	148
AL_Pingbian	1134	TTA	148	148
AL_Pingbian	1134	TTC	148	148
AL_Pingbian	1134	TTG	148	148
AL_Pingbian	1134	TTT	148	148
AD_Thailand	254	AAA	148	148
AD_Thailand	254	AAC	148	148
AD_Thailand	254	AAG	148	148
AD_Thailand	254	AAT	148	148
AD_Thailand	254	ACA	148	148
AD_Thailand	254	ACC	148	148
AD_Thailand	254	ACG	148	148
AD_Thailand	254	ACT	148	148
AD_Thailand	254	AGA	148	148
AD_Thailand	254	AGC	148	148
AD_Thailand	254	AGG	148	148
AD_Thailand	254	AGT	148	148
AD_Thailand	254	ATA	148	148
AD_Thailand	254	ATC	148	148
AD_Thailand	254	ATG	148	148
AD_Thailand	254	ATT	148	148
AD_Thailand	254	CAA	148	148
AD_Thailand	254	CAC	148	148
AD_Thailand	254	CAG	148	148
AD_Thailand	254	CAT	148	148
AD_Thailand	254	CCA	148	148
AD_Thailand	254	CCC	148	148
AD_Thailand	254	CCG	148	148
AD_Thailand	254	CCT	148	148
AD_Thailand	254	CGA	148	148
AD_Thailand	254	CGC	148	148
AD_Thailand	254	CGG	148	148
AD_Thailand	254	CGT	148	148
AD_Thailand	254	CTA	148	148
AD_Thailand	254	CTC	148	148
AD_Thailand	254	CTG	148	148
AD_Thailand	254	CTT	148	148
AD_Thailand	254	GAA	148	148
AD_Thailand	254	GAC	148	148
AD_Thailand	254	GAG	148	148
AD_Thailand	254	GAT	148	148
AD_Thailand	254	GCA	148	148
AD_Thailand	254	GCC	148	148
AD_Thailand	254	GCG	148	148
AD_Thailand	254	GCT	148	148
AD_Thailand	254	GGA	148	148
AD_Thailand	254	GGC	148	148
AD_Thailand	254	GGG	148	148
AD_Thailand	254	GGT	148	148
AD_Thailand	254	GTA	148	148
AD_Thailand	254	GTC	148	148
AD_Thailand	254	GTG	148	148
AD_Thailand	254	GTT	148	148
AD_Thailand	254	TAA	148	148
AD_Thailand	254	TAC	148	148
AD_Thailand	254	TAG	148	148
AD_Thailand	254	TAT	148	148
AD_Thailand	254	TCA	148	148
AD_Thailand	254	TCC	148	148
AD_Thailand	254	TCG	148	148
AD_Thailand	254	TCT	148	148
AD_Thailand	254	TGA	148	148
AD_Thailand	254	TGC	148	148
AD_Thailand	254	TGG	148	148
AD_Thailand	254	TGT	148	148
AD_Thailand	254	TTA	148	148
AD_Thailand	254	TTC	148	148
AD_Thailand	254	TTG	148	148
AD_Thailand	254	TTT	148	148
AD_Thailand	452	AAA	148	148
AD_Thailand	452	AAC	148	148
AD_Thailand	452	AAG	148	148
AD_Thailand	452	AAT	148	148
AD_Thailand	452	ACA	148	148
AD_Thailand	452	ACC	148	148
AD_Thailand	452	ACG	148	148
AD_Thailand	452	ACT	148	148
AD_Thailand	452	AGA	148	148
AD_Thailand	452	AGC	148	148
AD_Thailand	452	AGG	148	148
AD_Thailand	452	AGT	148	148
AD_Thailand	452	ATA	148	148
AD_Thailand	452	ATC	148	148
AD_Thailand	452	ATG	148	148
AD_Thailand	452	ATT	148	148
AD_Thailand	452	CAA	148	148
AD_Thailand	452	CAC	148	148
AD_Thailand	452	CAG	148	148
AD_Thailand	452	CAT	148	148
AD_Thailand	452	CCA	148	148
AD_Thailand	452	CCC	148	148
AD_Thailand	452	CCG	148	148
AD_Thailand	452	CCT	148	148
AD_Thailand	452	CGA	148	148
AD_Thailand	452	CGC	148	148
AD_Thailand	452	CGG	148	148
AD_Thailand	452	CGT	148	148
AD_Thailand	452	CTA	148	148
AD_Thailand	452	CTC	148	148
AD_Thailand	452	CTG	148	148
AD_Thailand	452	CTT	148	148
AD_Thailand	452	GAA	148	148
AD_Thailand	452	GAC	148	148
AD_Thailand	452	GAG	148	148
AD_Thailand	452	GAT	148	148
AD_Thailand	452	GCA	148	148
AD_Thailand	452	GCC	148	148
AD_Thailand	452	GCG	148	148
AD_Thailand	452	GCT	148	148
AD_Thailand	452	GGA	148	148
AD_Thailand	452	GGC	148	148
AD_Thailand	452	GGG	148	148
AD_Thailand	452	GGT	148	148
AD_Thailand	452	GTA	148	148
AD_Thailand	452	GTC	148	148
AD_Thailand	452	GTG	148	148
AD_Thailand	452	GTT	148	148
AD_Thailand	452	TAA	148	148
AD_Thailand	452	TAC	148	148
AD_Thailand	452	TAG	148	148
AD_Thailand	452	TAT	148	148
AD_Thailand	452	TCA	148	148
AD_Thailand	452	TCC	148	148
AD_Thailand	452	TCG	148	148
AD_Thailand	452	TCT	148	148
AD_Thailand	452	TGA	148	148
AD_Thailand	452	TGC	148	148
AD_Thailand	452	TGG	148	148
AD_Thailand	452	TGT	148	148
AD_Thailand	452	TTA	148	148
AD_Thailand	452	TTC	148	148
AD_Thailand	452	TTG	148	148
AD_Thailand	452	TTT	148	148
AD_Thailand	474	AAA	148	148
AD_Thailand	474	AAC	148	148
AD_Thailand	474	AAG	148	148
AD_Thailand	474	AAT	148	148
AD_Thailand	474	ACA	148	148
AD_Thailand	474	ACC	148	148
AD_Thailand	474	ACG	148	148
AD_Thailand	474	ACT	148	148
AD_Thailand	474	AGA	148	148
AD_Thailand	474	AGC	148	148
AD_Thailand	474	AGG	148	148
AD_Thailand	474	AGT	148	148
AD_Thailand	474	ATA	148	148
AD_Thailand	474	ATC	148	148
AD_Thailand	474	ATG	148	148
AD_Thailand	474	ATT	148	148
AD_Thailand	474	CAA	148	148
AD_Thailand	474	CAC	148	148
AD_Thailand	474	CAG	148	148
AD_Thailand	474	CAT	148	148
AD_Thailand	474	CCA	148	148
AD_Thailand	474	CCC	148	148
AD_Thailand	474	CCG	148	148
AD_Thailand	474	CCT	148	148
AD_Thailand	474	CGA	148	148
AD_Thailand	474	CGC	148	148
AD_Thailand	474	CGG	148	148
AD_Thailand	474	CGT	148	148
AD_Thailand	474	CTA	148	148
AD_Thailand	474	CTC	148	148
AD_Thailand	474	CTG	148	148
AD_Thailand	474	CTT	148	148
AD_Thailand	474	GAA	148	148
AD_Thailand	474	GAC	148	148
AD_Thailand	474	GAG	148	148
AD_Thailand	474	GAT	148	148
AD_Thailand	474	GCA	148	148
AD_Thailand	474	GCC	148	148
AD_Thailand	474	GCG	148	148
AD_Thailand	474	GCT	148	148
AD_Thailand	474	GGA	148	148
AD_Thailand	474	GGC	148	148
AD_Thailand	474	GGG	148	148
AD_Thailand	474	GGT	148	148
AD_Thailand	474	GTA	148	148
AD_Thailand	474	GTC	148	148
AD_Thailand	474	GTG	148	148
AD_Thailand	474	GTT	148	148
AD_Thailand	474	TAA	148	148
AD_Thailand	474	TAC	148	148
AD_Thailand	474	TAG	148	148
AD_Thailand	474	TAT	148	148
AD_Thailand	474	TCA	148	148
AD_Thailand	474	TCC	148	148
AD_Thailand	474	TCG	148	148
AD_Thailand	474	TCT	148	148
AD_Thailand	474	TGA	148	148
AD_Thailand	474	TGC	148	148
AD_Thailand	474	TGG	148	148
AD_Thailand	474	TGT	148	148
AD_Thailand	474	TTA	148	148
AD_Thailand	474	TTC	148	148
AD_Thailand	474	TTG	148	148
AD_Thailand	474	TTT	148	148
AD_Thailand	549	AAA	148	148
AD_Thailand	549	AAC	148	148
AD_Thailand	549	AAG	148	148
AD_Thailand	549	AAT	148	148
AD_Thailand	549	ACA	148	148
AD_Thailand	549	ACC	148	148
AD_Thailand	549	ACG	148	148
AD_Thailand	549	ACT	148	148
AD_Thailand	549	AGA	148	148
AD_Thailand	549	AGC	148	148
AD_Thailand	549	AGG	148	148
AD_Thailand	549	AGT	148	148
AD_Thailand	549	ATA	148	148
AD_Thailand	549	ATC	148	148
AD_Thailand	549	ATG	148	148
AD_Thailand	549	ATT	148	148
AD_Thailand	549	CAA	148	148
AD_Thailand	549	CAC	148	148
AD_Thailand	549	CAG	148	148
AD_Thailand	549	CAT	148	148
AD_Thailand	549	CCA	148	148
AD_Thailand	549	CCC	148	148
AD_Thailand	549	CCG	148	148
AD_Thailand	549	CCT	148	148
AD_Thailand	549	CGA	148	148
AD_Thailand	549	CGC	148	148
AD_Thailand	549	CGG	148	148
AD_Thailand	549	CGT	148	148
AD_Thailand	549	CTA	148	148
AD_Thailand	549	CTC	148	148
AD_Thailand	549	CTG	148	148
AD_Thailand	549	CTT	148	148
AD_Thailand	549	GAA	148	148
AD_Thailand	549	GAC	148	148
AD_Thailand	549	GAG	148	148
AD_Thailand	549	GAT	148	148
AD_Thailand	549	GCA	148	148
AD_Thailand	549	GCC	148	148
AD_Thailand	549	GCG	148	148
AD_Thailand	549	GCT	148	148
AD_Thailand	549	GGA	148	148
AD_Thailand	549	GGC	148	148
AD_Thailand	549	GGG	148	148
AD_Thailand	549	GGT	148	148
AD_Thailand	549	GTA	148	148
AD_Thailand	549	GTC	148	148
AD_Thailand	549	GTG	148	148
AD_Thailand	549	GTT	148	148
AD_Thailand	549	TAA	148	148
AD_Thailand	549	TAC	148	148
AD_Thailand	549	TAG	148	148
AD_Thailand	549	TAT	148	148
AD_Thailand	549	TCA	148	148
AD_Thailand	549	TCC	148	148
AD_Thailand	549	TCG	148	148
AD_Thailand	549	TCT	148	148
AD_Thailand	549	TGA	148	148
AD_Thailand	549	TGC	148	148
AD_Thailand	549	TGG	148	148
AD_Thailand	549	TGT	148	148
AD_Thailand	549	TTA	148	148
AD_Thailand	549	TTC	148	148
AD_Thailand	549	TTG	148	148
AD_Thailand	549	TTT	148	148
AD_Thailand	717	AAA	148	148
AD_Thailand	717	AAC	148	148
AD_Thailand	717	AAG	148	148
AD_Thailand	717	AAT	148	148
AD_Thailand	717	ACA	148	148
AD_Thailand	717	ACC	148	148
AD_Thailand	717	ACG	148	148
AD_Thailand	717	ACT	148	148
AD_Thailand	717	AGA	148	148
AD_Thailand	717	AGC	148	148
AD_Thailand	717	AGG	148	148
AD_Thailand	717	AGT	148	148
AD_Thailand	717	ATA	148	148
AD_Thailand	717	ATC	148	148
AD_Thailand	717	ATG	148	148
AD_Thailand	717	ATT	148	148
AD_Thailand	717	CAA	148	148
AD_Thailand	717	CAC	148	148
AD_Thailand	717	CAG	148	148
AD_Thailand	717	CAT	148	148
AD_Thailand	717	CCA	148	148
AD_Thailand	717	CCC	148	148
AD_Thailand	717	CCG	148	148
AD_Thailand	717	CCT	148	148
AD_Thailand	717	CGA	148	148
AD_Thailand	717	CGC	148	148
AD_Thailand	717	CGG	148	148
AD_Thailand	717	CGT	148	148
AD_Thailand	717	CTA	148	148
AD_Thailand	717	CTC	148	148
AD_Thailand	717	CTG	148	148
AD_Thailand	717	CTT	148	148
AD_Thailand	717	GAA	148	148
AD_Thailand	717	GAC	148	148
AD_Thailand	717	GAG	148	148
AD_Thailand	717	GAT	148	148
AD_Thailand	717	GCA	148	148
AD_Thailand	717	GCC	148	148
AD_Thailand	717	GCG	148	148
AD_Thailand	717	GCT	148	148
AD_Thailand	717	GGA	148	148
AD_Thailand	717	GGC	148	148
AD_Thailand	717	GGG	148	148
AD_Thailand	717	GGT	148	148
AD_Thailand	717	GTA	148	148
AD_Thailand	717	GTC	148	148
AD_Thailand	717	GTG	148	148
AD_Thailand	717	GTT	148	148
AD_Thailand	717	TAA	148	148
AD_Thailand	717	TAC	148	148
AD_Thailand	717	TAG	148	148
AD_Thailand	717	TAT	148	148
AD_Thailand	717	TCA	148	148
AD_Thailand	717	TCC	148	148
AD_Thailand	717	TCG	148	148
AD_Thailand	717	TCT	148	148
AD_Thailand	717	TGA	148	148
AD_Thailand	717	TGC	148	148
AD_Thailand	717	TGG	148	148
AD_Thailand	717	TGT	148	148
AD_Thailand	717	TTA	148	148
AD_Thailand	717	TTC	148	148
AD_Thailand	717	TTG	148	148
AD_Thailand	717	TTT	148	148
AD_Thailand	727	AAA	148	148
AD_Thailand	727	AAC	148	148
AD_Thailand	727	AAG	148	148
AD_Thailand	727	AAT	148	148
AD_Thailand	727	ACA	148	148
AD_Thailand	727	ACC	148	148
AD_Thailand	727	ACG	148	148
AD_Thailand	727	ACT	148	148
AD_Thailand	727	AGA	148	148
AD_Thailand	727	AGC	148	148
AD_Thailand	727	AGG	148	148
AD_Thailand	727	AGT	148	148
AD_Thailand	727	ATA	148	148
AD_Thailand	727	ATC	148	148
AD_Thailand	727	ATG	148	148
AD_Thailand	727	ATT	148	148
AD_Thailand	727	CAA	148	148
AD_Thailand	727	CAC	148	148
AD_Thailand	727	CAG	148	148
AD_Thailand	727	CAT	148	148
AD_Thailand	727	CCA	148	148
AD_Thailand	727	CCC	148	148
AD_Thailand	727	CCG	148	148
AD_Thailand	727	CCT	148	148
AD_Thailand	727	CGA	148	148
AD_Thailand	727	CGC	148	148
AD_Thailand	727	CGG	148	148
AD_Thailand	727	CGT	148	148
AD_Thailand	727	CTA	148	148
AD_Thailand	727	CTC	148	148
AD_Thailand	727	CTG	148	148
AD_Thailand	727	CTT	148	148
AD_Thailand	727	GAA	148	148
AD_Thailand	727	GAC	148	148
AD_Thailand	727	GAG	148	148
AD_Thailand	727	GAT	148	148
AD_Thailand	727	GCA	148	148
AD_Thailand	727	GCC	148	148
AD_Thailand	727	GCG	148	148
AD_Thailand	727	GCT	148	148
AD_Thailand	727	GGA	148	148
AD_Thailand	727	GGC	148	148
AD_Thailand	727	GGG	148	148
AD_Thailand	727	GGT	148	148
AD_Thailand	727	GTA	148	148
AD_Thailand	727	GTC	148	148
AD_Thailand	727	GTG	148	148
AD_Thailand	727	GTT	148	148
AD_Thailand	727	TAA	148	148
AD_Thailand	727	TAC	148	148
AD_Thailand	727	TAG	148	148
AD_Thailand	727	TAT	148	148
AD_Thailand	727	TCA	148	148
AD_Thailand	727	TCC	148	148
AD_Thailand	727	TCG	148	148
AD_Thailand	727	TCT	148	148
AD_Thailand	727	TGA	148	148
AD_Thailand	727	TGC	148	148
AD_Thailand	727	TGG	148	148
AD_Thailand	727	TGT	148	148
AD_Thailand	727	TTA	148	148
AD_Thailand	727	TTC	148	148
AD_Thailand	727	TTG	148	148
AD_Thailand	727	TTT	148	148
AD_Thailand	766	AAA	148	148
AD_Thailand	766	AAC	148	148
AD_Thailand	766	AAG	148	148
AD_Thailand	766	AAT	148	148
AD_Thailand	766	ACA	148	148
AD_Thailand	766	ACC	148	148
AD_Thailand	766	ACG	148	148
AD_Thailand	766	ACT	148	148
AD_Thailand	766	AGA	148	148
AD_Thailand	766	AGC	148	148
AD_Thailand	766	AGG	148	148
AD_Thailand	766	AGT	148	148
AD_Thailand	766	ATA	148	148
AD_Thailand	766	ATC	148	148
AD_Thailand	766	ATG	148	148
AD_Thailand	766	ATT	148	148
AD_Thailand	766	CAA	148	148
AD_Thailand	766	CAC	148	148
AD_Thailand	766	CAG	148	148
AD_Thailand	766	CAT	148	148
AD_Thailand	766	CCA	148	148
AD_Thailand	766	CCC	148	148
AD_Thailand	766	CCG	148	148
AD_Thailand	766	CCT	148	148
AD_Thailand	766	CGA	148	148
AD_Thailand	766	CGC	148	148
AD_Thailand	766	CGG	148	148
AD_Thailand	766	CGT	148	148
AD_Thailand	766	CTA	148	148
AD_Thailand	766	CTC	148	148
AD_Thailand	766	CTG	148	148
AD_Thailand	766	CTT	148	148
AD_Thailand	766	GAA	148	148
AD_Thailand	766	GAC	148	148
AD_Thailand	766	GAG	148	148
AD_Thailand	766	GAT	148	148
AD_Thailand	766	GCA	148	148
AD_Thailand	766	GCC	148	148
AD_Thailand	766	GCG	148	148
AD_Thailand	766	GCT	148	148
AD_Thailand	766	GGA	148	148
AD_Thailand	766	GGC	148	148
AD_Thailand	766	GGG	148	148
AD_Thailand	766	GGT	148	148
AD_Thailand	766	GTA	148	148
AD_Thailand	766	GTC	148	148
AD_Thailand	766	GTG	148	148
AD_Thailand	766	GTT	148	148
AD_Thailand	766	TAA	148	148
AD_Thailand	766	TAC	148	148
AD_Thailand	766	TAG	148	148
AD_Thailand	766	TAT	148	148
AD_Thailand	766	TCA	148	148
AD_Thailand	766	TCC	148	148
AD_Thailand	766	TCG	148	148
AD_Thailand	766	TCT	148	148
AD_Thailand	766	TGA	148	148
AD_Thailand	766	TGC	148	148
AD_Thailand	766	TGG	148	148
AD_Thailand	766	TGT	148	148
AD_Thailand	766	TTA	148	148
AD_Thailand	766	TTC	148	148
AD_Thailand	766	TTG	148	148
AD_Thailand	766	TTT	148	148
AD_Thailand	822	AAA	148	148
AD_Thailand	822	AAC	148	148
AD_Thailand	822	AAG	148	148
AD_Thailand	822	AAT	148	148
AD_Thailand	822	ACA	148	148
AD_Thailand	822	ACC	148	148
AD_Thailand	822	ACG	148	148
AD_Thailand	822	ACT	148	148
AD_Thailand	822	AGA	148	148
AD_Thailand	822	AGC	148	148
AD_Thailand	822	AGG	148	148
AD_Thailand	822	AGT	148	148
AD_Thailand	822	ATA	148	148
AD_Thailand	822	ATC	148	148
AD_Thailand	822	ATG	148	148
AD_Thailand	822	ATT	148	148
AD_Thailand	822	CAA	148	148
AD_Thailand	822	CAC	148	148
AD_Thailand	822	CAG	148	148
AD_Thailand	822	CAT	148	148
AD_Thailand	822	CCA	148	148
AD_Thailand	822	CCC	148	148
AD_Thailand	822	CCG	148	148
AD_Thailand	822	CCT	148	148
AD_Thailand	822	CGA	148	148
AD_Thailand	822	CGC	148	148
AD_Thailand	822	CGG	148	148
AD_Thailand	822	CGT	148	148
AD_Thailand	822	CTA	148	148
AD_Thailand	822	CTC	148	148
AD_Thailand	822	CTG	148	148
AD_Thailand	822	CTT	148	148
AD_Thailand	822	GAA	148	148
AD_Thailand	822	GAC	148	148
AD_Thailand	822	GAG	148	148
AD_Thailand	822	GAT	148	148
AD_Thailand	822	GCA	148	148
AD_Thailand	822	GCC	148	148
AD_Thailand	822	GCG	148	148
AD_Thailand	822	GCT	148	148
AD_Thailand	822	GGA	148	148
AD_Thailand	822	GGC	148	148
AD_Thailand	822	GGG	148	148
AD_Thailand	822	GGT	148	148
AD_Thailand	822	GTA	148	148
AD_Thailand	822	GTC	148	148
AD_Thailand	822	GTG	148	148
AD_Thailand	822	GTT	148	148
AD_Thailand	822	TAA	148	148
AD_Thailand	822	TAC	148	148
AD_Thailand	822	TAG	148	148
AD_Thailand	822	TAT	148	148
AD_Thailand	822	TCA	148	148
AD_Thailand	822	TCC	148	148
AD_Thailand	822	TCG	148	148
AD_Thailand	822	TCT	148	148
AD_Thailand	822	TGA	148	148
AD_Thailand	822	TGC	148	148
AD_Thailand	822	TGG	148	148
AD_Thailand	822	TGT	148	148
AD_Thailand	822	TTA	148	148
AD_Thailand	822	TTC	148	148
AD_Thailand	822	TTG	148	148
AD_Thailand	822	TTT	148	148
AD_Thailand	1134	AAA	148	148
AD_Thailand	1134	AAC	148	148
AD_Thailand	1134	AAG	148	148
AD_Thailand	1134	AAT	148	148
AD_Thailand	1134	ACA	148	148
AD_Thailand	1134	ACC	148	148
AD_Thailand	1134	ACG	148	148
AD_Thailand	1134	ACT	148	148
AD_Thailand	1134	AGA	148	148
AD_Thailand	1134	AGC	148	148
AD_Thailand	1134	AGG	148	148
AD_Thailand	1134	AGT	148	148
AD_Thailand	1134	ATA	148	148
AD_Thailand	1134	ATC	148	148
AD_Thailand	1134	ATG	148	148
AD_Thailand	1134	ATT	148	148
AD_Thailand	1134	CAA	148	148
AD_Thailand	1134	CAC	148	148
AD_Thailand	1134	CAG	148	148
AD_Thailand	1134	CAT	148	148
AD_Thailand	1134	CCA	148	148
AD_Thailand	1134	CCC	148	148
AD_Thailand	1134	CCG	148	148
AD_Thailand	1134	CCT	148	148
AD_Thailand	1134	CGA	148	148
AD_Thailand	1134	CGC	148	148
AD_Thailand	1134	CGG	148	148
AD_Thailand	1134	CGT	148	148
AD_Thailand	1134	CTA	148	148
AD_Thailand	1134	CTC	148	148
AD_Thailand	1134	CTG	148	148
AD_Thailand	1134	CTT	148	148
AD_Thailand	1134	GAA	148	148
AD_Thailand	1134	GAC	148	148
AD_Thailand	1134	GAG	148	148
AD_Thailand	1134	GAT	148	148
AD_Thailand	1134	GCA	148	148
AD_Thailand	1134	GCC	148	148
AD_Thailand	1134	GCG	148	148
AD_Thailand	1134	GCT	148	148
AD_Thailand	1134	GGA	148	148
AD_Thailand	1134	GGC	148	148
AD_Thailand	1134	GGG	148	148
AD_Thailand	1134	GGT	148	148
AD_Thailand	1134	GTA	148	148
AD_Thailand	1134	GTC	148	148
AD_Thailand	1134	GTG	148	148
AD_Thailand	1134	GTT	148	148
AD_Thailand	1134	TAA	148	148
AD_Thailand	1134	TAC	148	148
AD_Thailand	1134	TAG	148	148
AD_Thailand	1134	TAT	148	148
AD_Thailand	1134	TCA	148	148
AD_Thailand	1134	TCC	148	148
AD_Thailand	1134	TCG	148	148
AD_Thailand	1134	TCT	148	148
AD_Thailand	1134	TGA	148	148
AD_Thailand	1134	TGC	148	148
AD_Thailand	1134	TGG	148	148
AD_Thailand	1134	TGT	148	148
AD_Thailand	1134	TTA	148	148
AD_Thailand	1134	TTC	148	148
AD_Thailand	1134	TTG	148	148
AD_Thailand	1134	TTT	148	148
