run_accession	study_accession	sample_accession	sample_alias	library_name	scientific_name	instrument_model	library_strategy	library_source	library_layout	read_count	base_count	fastq_ftp	fastq_md5	fastq_bytes	submitted_ftp	isolate	location	collection_date	archive_tissue	paper_sampling_unit	expected_ploidy
SRR23343438	PRJNA931733	SAMN33097026	D14	D14	Apis dorsata	Illumina NovaSeq 6000	WGS	GENOMIC	PAIRED	49167910	14750373000	ftp.sra.ebi.ac.uk/vol1/fastq/SRR233/038/SRR23343438/SRR23343438_1.fastq.gz;ftp.sra.ebi.ac.uk/vol1/fastq/SRR233/038/SRR23343438/SRR23343438_2.fastq.gz	ebc2a346ba678e22cae80fb5aff3cf11;c7379f3d98a744af08eb61e380a25412	3438793518;3640717374		Puer3	China: Yunnan, Puer	2017	whole body	one randomly chosen worker per colony	2
SRR23343439	PRJNA931733	SAMN33097025	D13	D13	Apis dorsata	Illumina NovaSeq 6000	WGS	GENOMIC	PAIRED	30897199	9269159700	ftp.sra.ebi.ac.uk/vol1/fastq/SRR233/039/SRR23343439/SRR23343439_1.fastq.gz;ftp.sra.ebi.ac.uk/vol1/fastq/SRR233/039/SRR23343439/SRR23343439_2.fastq.gz	045367af4dc35bc2f6d114c3e07424fd;1c890029aa915feae300b7b233c44e9c	2094582717;2116121048		Puer2	China: Yunnan, Puer	2017	whole body	one randomly chosen worker per colony	2
SRR23343440	PRJNA931733	SAMN33097024	D12	D12	Apis dorsata	Illumina NovaSeq 6000	WGS	GENOMIC	PAIRED	35958589	10787576700	ftp.sra.ebi.ac.uk/vol1/fastq/SRR233/040/SRR23343440/SRR23343440_1.fastq.gz;ftp.sra.ebi.ac.uk/vol1/fastq/SRR233/040/SRR23343440/SRR23343440_2.fastq.gz	42a7642e1a1fb0f6f3ce2faa5c3007de;f84b793bdff203d497d6a15394b50ecc	2448847482;2560007030		Puer1	China: Yunnan, Puer	2017	whole body	one randomly chosen worker per colony	2
SRR23343441	PRJNA931733	SAMN33097023	D18	D18	Apis dorsata	Illumina NovaSeq 6000	WGS	GENOMIC	PAIRED	32668850	9800655000	ftp.sra.ebi.ac.uk/vol1/fastq/SRR233/041/SRR23343441/SRR23343441_1.fastq.gz;ftp.sra.ebi.ac.uk/vol1/fastq/SRR233/041/SRR23343441/SRR23343441_2.fastq.gz	0682db4e247af4faa0dae838b2ebd835;0ec6e6f2f070e5fcea0b928a2ca4bc42	2273756092;2389603418		Xishuangbanna7	China: Yunnan, Xishuangbanna	2017	whole body	one randomly chosen worker per colony	2
SRR23343442	PRJNA931733	SAMN33097073	HD25	HD25	Apis laboriosa	Illumina NovaSeq 6000	WGS	GENOMIC	PAIRED	52112463	15633738900	ftp.sra.ebi.ac.uk/vol1/fastq/SRR233/042/SRR23343442/SRR23343442_1.fastq.gz;ftp.sra.ebi.ac.uk/vol1/fastq/SRR233/042/SRR23343442/SRR23343442_2.fastq.gz	e624ebf0de98a4a55f87547952b58871;8cf1a7c1203396a0b9ea53cea8d72d0e	3570482524;3723614176		Rikaze6	China: Tibet, Rikaze	2017	whole body	one randomly chosen worker per colony	2
SRR23343443	PRJNA931733	SAMN33097072	HD24	HD24	Apis laboriosa	Illumina NovaSeq 6000	WGS	GENOMIC	PAIRED	30781684	9234505200	ftp.sra.ebi.ac.uk/vol1/fastq/SRR233/043/SRR23343443/SRR23343443_1.fastq.gz;ftp.sra.ebi.ac.uk/vol1/fastq/SRR233/043/SRR23343443/SRR23343443_2.fastq.gz	e75533cd8a3a0d214670f66821ef1a07;42b38fb81ac86bc6defd8157f323f7ef	2136284893;2209110868		Rikaze5	China: Tibet, Rikaze	2017	whole body	one randomly chosen worker per colony	2
SRR23343444	PRJNA931733	SAMN33097071	HD23	HD23	Apis laboriosa	Illumina NovaSeq 6000	WGS	GENOMIC	PAIRED	43633909	13090172700	ftp.sra.ebi.ac.uk/vol1/fastq/SRR233/044/SRR23343444/SRR23343444_1.fastq.gz;ftp.sra.ebi.ac.uk/vol1/fastq/SRR233/044/SRR23343444/SRR23343444_2.fastq.gz	99df1abaa496317b8ea6ae038ba558fc;57c695492de055dbfc3385add899526c	2976655542;3108490664		Rikaze4	China: Tibet, Rikaze	2017	whole body	one randomly chosen worker per colony	2
SRR23343445	PRJNA931733	SAMN33097070	HD22	HD22	Apis laboriosa	Illumina NovaSeq 6000	WGS	GENOMIC	PAIRED	43659908	13097972400	ftp.sra.ebi.ac.uk/vol1/fastq/SRR233/045/SRR23343445/SRR23343445_1.fastq.gz;ftp.sra.ebi.ac.uk/vol1/fastq/SRR233/045/SRR23343445/SRR23343445_2.fastq.gz	24a8b7aa7156e98c3a68516beb3ca606;bfe6e704f8e9d90c9c0b6f6644298cda	2989717371;3099835364		Rikaze3	China: Tibet, Rikaze	2017	whole body	one randomly chosen worker per colony	2
SRR23343446	PRJNA931733	SAMN33097069	HD21	HD21	Apis laboriosa	Illumina NovaSeq 6000	WGS	GENOMIC	PAIRED	30120305	9036091500	ftp.sra.ebi.ac.uk/vol1/fastq/SRR233/046/SRR23343446/SRR23343446_1.fastq.gz;ftp.sra.ebi.ac.uk/vol1/fastq/SRR233/046/SRR23343446/SRR23343446_2.fastq.gz	f515bc7ae8c72bee3fadc55160be2ed6;97c47729087675dd38171dc086754b22	2087091103;2158995175		Rikaze2	China: Tibet, Rikaze	2017	whole body	one randomly chosen worker per colony	2
SRR23343447	PRJNA931733	SAMN33097068	HD10	HD10	Apis laboriosa	Illumina NovaSeq 6000	WGS	GENOMIC	PAIRED	36228001	10868400300	ftp.sra.ebi.ac.uk/vol1/fastq/SRR233/047/SRR23343447/SRR23343447_1.fastq.gz;ftp.sra.ebi.ac.uk/vol1/fastq/SRR233/047/SRR23343447/SRR23343447_2.fastq.gz	f6dd1cc98b872224ff3478f682b0a93a;4c168158d834616167981ce9b0670fd7	2467838849;2558818364		Rikaze1	China: Tibet, Rikaze	2017	whole body	one randomly chosen worker per colony	2
SRR23343448	PRJNA931733	SAMN33097067	HD29	HD29	Apis laboriosa	Illumina NovaSeq 6000	WGS	GENOMIC	PAIRED	31651843	9495552900	ftp.sra.ebi.ac.uk/vol1/fastq/SRR233/048/SRR23343448/SRR23343448_1.fastq.gz;ftp.sra.ebi.ac.uk/vol1/fastq/SRR233/048/SRR23343448/SRR23343448_2.fastq.gz	390bcbd114c93ae0e8c48df03733d2e4;ca3ae4a4a05dbf52c01853bcb7ca9d02	2168677544;2266520241		Linzhi4	China: Tibet, Linzhi	2017	whole body	one randomly chosen worker per colony	2
SRR23343449	PRJNA931733	SAMN33097022	D17	D17	Apis dorsata	Illumina NovaSeq 6000	WGS	GENOMIC	PAIRED	29594786	8878435800	ftp.sra.ebi.ac.uk/vol1/fastq/SRR233/049/SRR23343449/SRR23343449_1.fastq.gz;ftp.sra.ebi.ac.uk/vol1/fastq/SRR233/049/SRR23343449/SRR23343449_2.fastq.gz	2960dead997ddbbf1aeb4000d8979c35;c1a3d22431714624f7ab19349df2595b	2062694396;2155025577		Xishuangbanna6	China: Yunnan, Xishuangbanna	2017	whole body	one randomly chosen worker per colony	2
SRR23343450	PRJNA931733	SAMN33097066	HD28	HD28	Apis laboriosa	Illumina NovaSeq 6000	WGS	GENOMIC	PAIRED	37126973	11138091900	ftp.sra.ebi.ac.uk/vol1/fastq/SRR233/050/SRR23343450/SRR23343450_1.fastq.gz;ftp.sra.ebi.ac.uk/vol1/fastq/SRR233/050/SRR23343450/SRR23343450_2.fastq.gz	96996dc8ac7867b7d6e32ea33eaaa7a6;799935449e6f4ca90741fa6774b157d2	2540092770;2612890042		Linzhi3	China: Tibet, Linzhi	2017	whole body	one randomly chosen worker per colony	2
SRR23343451	PRJNA931733	SAMN33097065	HD27	HD27	Apis laboriosa	Illumina NovaSeq 6000	WGS	GENOMIC	PAIRED	31506391	9451917300	ftp.sra.ebi.ac.uk/vol1/fastq/SRR233/051/SRR23343451/SRR23343451_1.fastq.gz;ftp.sra.ebi.ac.uk/vol1/fastq/SRR233/051/SRR23343451/SRR23343451_2.fastq.gz	42a222c45b388cc9f2d23a698bd9a413;e1f1b0af07603e949d380ba47be3e238	2148519533;2238181679		Linzhi2	China: Tibet, Linzhi	2017	whole body	one randomly chosen worker per colony	2
SRR23343452	PRJNA931733	SAMN33097064	HD26	HD26	Apis laboriosa	Illumina NovaSeq 6000	WGS	GENOMIC	PAIRED	45826711	13748013300	ftp.sra.ebi.ac.uk/vol1/fastq/SRR233/052/SRR23343452/SRR23343452_1.fastq.gz;ftp.sra.ebi.ac.uk/vol1/fastq/SRR233/052/SRR23343452/SRR23343452_2.fastq.gz	1f025407ba8b0d122bbdf64ac31e168d;ad6dd38f242034f15e899698a9253091	3104961479;3238800409		Linzhi1	China: Tibet, Linzhi	2017	whole body	one randomly chosen worker per colony	2
SRR23343453	PRJNA931733	SAMN33097063	HD191	HD191	Apis laboriosa	Illumina NovaSeq 6000	WGS	GENOMIC	PAIRED	31668211	9500463300	ftp.sra.ebi.ac.uk/vol1/fastq/SRR233/053/SRR23343453/SRR23343453_1.fastq.gz;ftp.sra.ebi.ac.uk/vol1/fastq/SRR233/053/SRR23343453/SRR23343453_2.fastq.gz	d2dc0cc0286dba51e3a398c382c07610;67342ae459c085be52e355c7b033f7ff	2179835312;2230615726		Diqing4	China: Yunnan, Diqing	2017	whole body	one randomly chosen worker per colony	2
SRR23343454	PRJNA931733	SAMN33097062	HD18	HD18	Apis laboriosa	Illumina NovaSeq 6000	WGS	GENOMIC	PAIRED	32423602	9727080600	ftp.sra.ebi.ac.uk/vol1/fastq/SRR233/054/SRR23343454/SRR23343454_1.fastq.gz;ftp.sra.ebi.ac.uk/vol1/fastq/SRR233/054/SRR23343454/SRR23343454_2.fastq.gz	7613e921a19c9eb9a18b6d5511aff5e8;4e3930e17f0cc784057f80d182d21636	2209874830;2280311879		Diqing3	China: Yunnan, Diqing	2017	whole body	one randomly chosen worker per colony	2
SRR23343455	PRJNA931733	SAMN33097061	HD17	HD17	Apis laboriosa	Illumina NovaSeq 6000	WGS	GENOMIC	PAIRED	26622413	7986723900	ftp.sra.ebi.ac.uk/vol1/fastq/SRR233/055/SRR23343455/SRR23343455_1.fastq.gz;ftp.sra.ebi.ac.uk/vol1/fastq/SRR233/055/SRR23343455/SRR23343455_2.fastq.gz	038be33c8e5c9ead0a33a50599939a75;52fc28ab435825ddc867d54cdda0d10b	1830726302;1885202950		Diqing2	China: Yunnan, Diqing	2017	whole body	one randomly chosen worker per colony	2
SRR23343456	PRJNA931733	SAMN33097060	HD16	HD16	Apis laboriosa	Illumina NovaSeq 6000	WGS	GENOMIC	PAIRED	28559281	8567784300	ftp.sra.ebi.ac.uk/vol1/fastq/SRR233/056/SRR23343456/SRR23343456_1.fastq.gz;ftp.sra.ebi.ac.uk/vol1/fastq/SRR233/056/SRR23343456/SRR23343456_2.fastq.gz	20599ba074527e53f73bcb1c193ca751;61336a2fc5c09f00ce7b6fbb295ba146	1948258083;2017816628		Diqing1	China: Yunnan, Diqing	2017	whole body	one randomly chosen worker per colony	2
SRR23343457	PRJNA931733	SAMN33097059	HD15	HD15	Apis laboriosa	Illumina NovaSeq 6000	WGS	GENOMIC	PAIRED	39627832	11888349600	ftp.sra.ebi.ac.uk/vol1/fastq/SRR233/057/SRR23343457/SRR23343457_1.fastq.gz;ftp.sra.ebi.ac.uk/vol1/fastq/SRR233/057/SRR23343457/SRR23343457_2.fastq.gz	47bfadc1f04eb4d092d7d33eb7a24a64;6cc74109f055c41bc27950e0f76d69a3	2713824713;2795546136		Baoshan6	China: Yunnan, Baoshan	2017	whole body	one randomly chosen worker per colony	2
SRR23343458	PRJNA931733	SAMN33097058	HD14	HD14	Apis laboriosa	Illumina NovaSeq 6000	WGS	GENOMIC	PAIRED	47834431	14350329300	ftp.sra.ebi.ac.uk/vol1/fastq/SRR233/058/SRR23343458/SRR23343458_1.fastq.gz;ftp.sra.ebi.ac.uk/vol1/fastq/SRR233/058/SRR23343458/SRR23343458_2.fastq.gz	9ce3b50fcc7cd4d19fa38d9e57762627;57e90856f2036020fed5d3eeb200cf99	3245101241;3370691679		Baoshan5	China: Yunnan, Baoshan	2017	whole body	one randomly chosen worker per colony	2
SRR23343459	PRJNA931733	SAMN33097057	HD13	HD13	Apis laboriosa	Illumina NovaSeq 6000	WGS	GENOMIC	PAIRED	28822476	8646742800	ftp.sra.ebi.ac.uk/vol1/fastq/SRR233/059/SRR23343459/SRR23343459_1.fastq.gz;ftp.sra.ebi.ac.uk/vol1/fastq/SRR233/059/SRR23343459/SRR23343459_2.fastq.gz	c066cd0e457b545cc437ef50a0154c4b;0821030b14d3d203e29523103759c01d	2007041189;2065300100		Baoshan4	China: Yunnan, Baoshan	2017	whole body	one randomly chosen worker per colony	2
SRR23343460	PRJNA931733	SAMN33097021	D16	D16	Apis dorsata	Illumina NovaSeq 6000	WGS	GENOMIC	PAIRED	29076235	8722870500	ftp.sra.ebi.ac.uk/vol1/fastq/SRR233/060/SRR23343460/SRR23343460_1.fastq.gz;ftp.sra.ebi.ac.uk/vol1/fastq/SRR233/060/SRR23343460/SRR23343460_2.fastq.gz	46fdc8371878f928b896d02a12850223;3afa3355aa03a57dc5352e1cd94adfa7	2008737115;2093405954		Xishuangbanna5	China: Yunnan, Xishuangbanna	2017	whole body	one randomly chosen worker per colony	2
SRR23343461	PRJNA931733	SAMN33097056	HD3	HD3	Apis laboriosa	Illumina NovaSeq 6000	WGS	GENOMIC	PAIRED	29398972	8819691600	ftp.sra.ebi.ac.uk/vol1/fastq/SRR233/061/SRR23343461/SRR23343461_1.fastq.gz;ftp.sra.ebi.ac.uk/vol1/fastq/SRR233/061/SRR23343461/SRR23343461_2.fastq.gz	ed546701d6b7c18d601bf265e47409b4;60429955572814b5e3f68e7e91c58b17	1999403009;2075278833		Baoshan3	China: Yunnan, Baoshan	2017	whole body	one randomly chosen worker per colony	2
SRR23343462	PRJNA931733	SAMN33097055	HD2	HD2	Apis laboriosa	Illumina NovaSeq 6000	WGS	GENOMIC	PAIRED	44839178	13451753400	ftp.sra.ebi.ac.uk/vol1/fastq/SRR233/062/SRR23343462/SRR23343462_1.fastq.gz;ftp.sra.ebi.ac.uk/vol1/fastq/SRR233/062/SRR23343462/SRR23343462_2.fastq.gz	0838e3a36d233dffe4b5b1f5a0cb654d;7d71af1d01f9936124aadb3ea4b9582f	3043805878;3111263518		Baoshan2	China: Yunnan, Baoshan	2017	whole body	one randomly chosen worker per colony	2
SRR23343463	PRJNA931733	SAMN33097054	HD1	HD1	Apis laboriosa	Illumina NovaSeq 6000	WGS	GENOMIC	PAIRED	37143806	11143141800	ftp.sra.ebi.ac.uk/vol1/fastq/SRR233/063/SRR23343463/SRR23343463_1.fastq.gz;ftp.sra.ebi.ac.uk/vol1/fastq/SRR233/063/SRR23343463/SRR23343463_2.fastq.gz	a3e402630cc20f3a9634253880a9f3f9;cda4100f323ceed302106ebb91548e1c	2525882055;2605262834		Baoshan1	China: Yunnan, Baoshan	2017	whole body	one randomly chosen worker per colony	2
SRR23343464	PRJNA931733	SAMN33097053	HD20	HD20	Apis laboriosa	Illumina NovaSeq 6000	WGS	GENOMIC	PAIRED	29136847	8741054100	ftp.sra.ebi.ac.uk/vol1/fastq/SRR233/064/SRR23343464/SRR23343464_1.fastq.gz;ftp.sra.ebi.ac.uk/vol1/fastq/SRR233/064/SRR23343464/SRR23343464_2.fastq.gz	d639bdf18cdcbae12815806e7ae3b97e;d60a037715cd5381744611bc10199bd6	1988962375;2071722818		Honghe9	China: Yunnan, Honghe	2017	whole body	one randomly chosen worker per colony	2
SRR23343465	PRJNA931733	SAMN33097052	HD12	HD12	Apis laboriosa	Illumina NovaSeq 6000	WGS	GENOMIC	PAIRED	29187329	8756198700	ftp.sra.ebi.ac.uk/vol1/fastq/SRR233/065/SRR23343465/SRR23343465_1.fastq.gz;ftp.sra.ebi.ac.uk/vol1/fastq/SRR233/065/SRR23343465/SRR23343465_2.fastq.gz	72753c74fa10bbcccfa914d6e9207224;b743bea3c58e86ef485620ea7ca2159f	2023023175;2094359433		Honghe8	China: Yunnan, Honghe	2017	whole body	one randomly chosen worker per colony	2
SRR23343466	PRJNA931733	SAMN33097051	HD11	HD11	Apis laboriosa	Illumina NovaSeq 6000	WGS	GENOMIC	PAIRED	28772681	8631804300	ftp.sra.ebi.ac.uk/vol1/fastq/SRR233/066/SRR23343466/SRR23343466_1.fastq.gz;ftp.sra.ebi.ac.uk/vol1/fastq/SRR233/066/SRR23343466/SRR23343466_2.fastq.gz	08e7bf81ba1efaf7f243354d0b47fa13;9eef6c740146f1fa9903f7a6a351d910	2002012340;2050929194		Honghe7	China: Yunnan, Honghe	2017	whole body	one randomly chosen worker per colony	2
SRR23343467	PRJNA931733	SAMN33097050	HD9	HD9	Apis laboriosa	Illumina NovaSeq 6000	WGS	GENOMIC	PAIRED	35003377	10501013100	ftp.sra.ebi.ac.uk/vol1/fastq/SRR233/067/SRR23343467/SRR23343467_1.fastq.gz;ftp.sra.ebi.ac.uk/vol1/fastq/SRR233/067/SRR23343467/SRR23343467_2.fastq.gz	386dfe6c61cb6f7ee23b8cabd8b82efd;9db79062deba9166d8aab4efdbcb63d9	2433833624;2518343023		Honghe6	China: Yunnan, Honghe	2017	whole body	one randomly chosen worker per colony	2
SRR23343468	PRJNA931733	SAMN33097049	HD8	HD8	Apis laboriosa	Illumina NovaSeq 6000	WGS	GENOMIC	PAIRED	36569450	10970835000	ftp.sra.ebi.ac.uk/vol1/fastq/SRR233/068/SRR23343468/SRR23343468_1.fastq.gz;ftp.sra.ebi.ac.uk/vol1/fastq/SRR233/068/SRR23343468/SRR23343468_2.fastq.gz	3b1b1e80614df93e233b22dba7238fca;77ea9574e74657cdba82fd8090b2cbfa	2581128256;2679987051		Honghe5	China: Yunnan, Honghe	2017	whole body	one randomly chosen worker per colony	2
SRR23343469	PRJNA931733	SAMN33097048	HD7	HD7	Apis laboriosa	Illumina NovaSeq 6000	WGS	GENOMIC	PAIRED	27073806	8122141800	ftp.sra.ebi.ac.uk/vol1/fastq/SRR233/069/SRR23343469/SRR23343469_1.fastq.gz;ftp.sra.ebi.ac.uk/vol1/fastq/SRR233/069/SRR23343469/SRR23343469_2.fastq.gz	1410996517681485deeb31a702453bb6;110e06ea54c6e4bb2d5fea47f57b69ef	1877769530;1934278004		Honghe4	China: Yunnan, Honghe	2017	whole body	one randomly chosen worker per colony	2
SRR23343470	PRJNA931733	SAMN33097047	HD6	HD6	Apis laboriosa	Illumina NovaSeq 6000	WGS	GENOMIC	PAIRED	29627278	8888183400	ftp.sra.ebi.ac.uk/vol1/fastq/SRR233/070/SRR23343470/SRR23343470_1.fastq.gz;ftp.sra.ebi.ac.uk/vol1/fastq/SRR233/070/SRR23343470/SRR23343470_2.fastq.gz	8698f461d2d11d35d20989718dc2bec4;2f5512dba11ae7d05d3314bd01fb3c05	2062591777;2145124205		Honghe3	China: Yunnan, Honghe	2017	whole body	one randomly chosen worker per colony	2
SRR23343471	PRJNA931733	SAMN33097020	D11	D11	Apis dorsata	Illumina NovaSeq 6000	WGS	GENOMIC	PAIRED	28524651	8557395300	ftp.sra.ebi.ac.uk/vol1/fastq/SRR233/071/SRR23343471/SRR23343471_1.fastq.gz;ftp.sra.ebi.ac.uk/vol1/fastq/SRR233/071/SRR23343471/SRR23343471_2.fastq.gz	ce8882f8bb21f1c408e60f254c6f5f6a;5eea6486ea68a532df32ac40bc55bd96	1980552676;2074601531		Xishuangbanna4	China: Yunnan, Xishuangbanna	2017	whole body	one randomly chosen worker per colony	2
SRR23343472	PRJNA931733	SAMN33097046	HD5	HD5	Apis laboriosa	Illumina NovaSeq 6000	WGS	GENOMIC	PAIRED	30945160	9283548000	ftp.sra.ebi.ac.uk/vol1/fastq/SRR233/072/SRR23343472/SRR23343472_1.fastq.gz;ftp.sra.ebi.ac.uk/vol1/fastq/SRR233/072/SRR23343472/SRR23343472_2.fastq.gz	5c15f70371c764d00817d812e2d93b87;138ac1c3b2eddc0d1cdf2cfa70fa56f3	2155140445;2247535412		Honghe2	China: Yunnan, Honghe	2017	whole body	one randomly chosen worker per colony	2
SRR23343473	PRJNA931733	SAMN33097045	HD4	HD4	Apis laboriosa	Illumina NovaSeq 6000	WGS	GENOMIC	PAIRED	62575751	18772725300	ftp.sra.ebi.ac.uk/vol1/fastq/SRR233/073/SRR23343473/SRR23343473_1.fastq.gz;ftp.sra.ebi.ac.uk/vol1/fastq/SRR233/073/SRR23343473/SRR23343473_2.fastq.gz	aa3dd325ad6ab3773edaebc8f8ce2e4a;163875efc525e01a7a196d9dfdf33a5a	4333051083;4510044143		Honghe1	China: Yunnan, Honghe	2017	whole body	one randomly chosen worker per colony	2
SRR23343474	PRJNA931733	SAMN33097044	D23	D23	Apis dorsata	Illumina NovaSeq 6000	WGS	GENOMIC	PAIRED	31258664	9377599200	ftp.sra.ebi.ac.uk/vol1/fastq/SRR233/074/SRR23343474/SRR23343474_1.fastq.gz;ftp.sra.ebi.ac.uk/vol1/fastq/SRR233/074/SRR23343474/SRR23343474_2.fastq.gz	ae33e2593fcb192047d22a71df2b160f;6df5aac7395f9084b923690417d3571d	2163309017;2200045661		Nanning2	China: Guangxi, Nanning	2017	whole body	one randomly chosen worker per colony	2
SRR23343475	PRJNA931733	SAMN33097043	D7	D7	Apis dorsata	Illumina NovaSeq 6000	WGS	GENOMIC	PAIRED	35259369	10577810700	ftp.sra.ebi.ac.uk/vol1/fastq/SRR233/075/SRR23343475/SRR23343475_1.fastq.gz;ftp.sra.ebi.ac.uk/vol1/fastq/SRR233/075/SRR23343475/SRR23343475_2.fastq.gz	e202df230b0356cfdff5a5ebf1b1a2af;366212f0887211a09e08c5b4a50ec663	2406075702;2414714640		Nanning1	China: Guangxi, Nanning	2017	whole body	one randomly chosen worker per colony	2
SRR23343476	PRJNA931733	SAMN33097042	D31	D31	Apis dorsata	Illumina NovaSeq 6000	WGS	GENOMIC	PAIRED	29394428	8818328400	ftp.sra.ebi.ac.uk/vol1/fastq/SRR233/076/SRR23343476/SRR23343476_1.fastq.gz;ftp.sra.ebi.ac.uk/vol1/fastq/SRR233/076/SRR23343476/SRR23343476_2.fastq.gz	62bb135aedd264a5df9a73b5595b3eee;a3c58ac4f4a11d9839f83f499a248ef5	2018263965;2064046965		Chongzuo7	China: Guangxi, Chongzuo	2017	whole body	one randomly chosen worker per colony	2
SRR23343477	PRJNA931733	SAMN33097041	D29	D29	Apis dorsata	Illumina NovaSeq 6000	WGS	GENOMIC	PAIRED	31520354	9456106200	ftp.sra.ebi.ac.uk/vol1/fastq/SRR233/077/SRR23343477/SRR23343477_1.fastq.gz;ftp.sra.ebi.ac.uk/vol1/fastq/SRR233/077/SRR23343477/SRR23343477_2.fastq.gz	7491bc8625d122704d2c182d54733fb3;23a3f048fb129ffc1eb15f0810617192	2187235811;2261859071		Chongzuo6	China: Guangxi, Chongzuo	2017	whole body	one randomly chosen worker per colony	2
SRR23343478	PRJNA931733	SAMN33097040	D28	D28	Apis dorsata	Illumina NovaSeq 6000	WGS	GENOMIC	PAIRED	31001196	9300358800	ftp.sra.ebi.ac.uk/vol1/fastq/SRR233/078/SRR23343478/SRR23343478_1.fastq.gz;ftp.sra.ebi.ac.uk/vol1/fastq/SRR233/078/SRR23343478/SRR23343478_2.fastq.gz	9cc5810ffd42f20615663dc5759e06c1;be8edb970ea0f7bcb47ad517f82c1856	2144762538;2204406355		Chongzuo5	China: Guangxi, Chongzuo	2017	whole body	one randomly chosen worker per colony	2
SRR23343479	PRJNA931733	SAMN33097039	D27	D27	Apis dorsata	Illumina NovaSeq 6000	WGS	GENOMIC	PAIRED	32844047	9853214100	ftp.sra.ebi.ac.uk/vol1/fastq/SRR233/079/SRR23343479/SRR23343479_1.fastq.gz;ftp.sra.ebi.ac.uk/vol1/fastq/SRR233/079/SRR23343479/SRR23343479_2.fastq.gz	99f47094895bbbd166c3c8c566ee435d;0e8e3e8362884c2e9856aed9924bd715	2281588206;2368909591		Chongzuo4	China: Guangxi, Chongzuo	2017	whole body	one randomly chosen worker per colony	2
SRR23343480	PRJNA931733	SAMN33097038	D26	D26	Apis dorsata	Illumina NovaSeq 6000	WGS	GENOMIC	PAIRED	28687887	8606366100	ftp.sra.ebi.ac.uk/vol1/fastq/SRR233/080/SRR23343480/SRR23343480_1.fastq.gz;ftp.sra.ebi.ac.uk/vol1/fastq/SRR233/080/SRR23343480/SRR23343480_2.fastq.gz	bdb3404a025651da5662ca021fd8be49;ba3554d44d0d4ad6a4b7ae7cd878784f	1991399230;2044055946		Chongzuo3	China: Guangxi, Chongzuo	2017	whole body	one randomly chosen worker per colony	2
SRR23343481	PRJNA931733	SAMN33097037	D25	D25	Apis dorsata	Illumina NovaSeq 6000	WGS	GENOMIC	PAIRED	26465687	7939706100	ftp.sra.ebi.ac.uk/vol1/fastq/SRR233/081/SRR23343481/SRR23343481_1.fastq.gz;ftp.sra.ebi.ac.uk/vol1/fastq/SRR233/081/SRR23343481/SRR23343481_2.fastq.gz	27a7e536370566ec3afd39e4b6a80276;0d7763e3dcf107f2323c0bcd0c1957a2	1829011103;1888468018		Chongzuo2	China: Guangxi, Chongzuo	2017	whole body	one randomly chosen worker per colony	2
SRR23343482	PRJNA931733	SAMN33097019	D10	D10	Apis dorsata	Illumina NovaSeq 6000	WGS	GENOMIC	PAIRED	33542593	10062777900	ftp.sra.ebi.ac.uk/vol1/fastq/SRR233/082/SRR23343482/SRR23343482_1.fastq.gz;ftp.sra.ebi.ac.uk/vol1/fastq/SRR233/082/SRR23343482/SRR23343482_2.fastq.gz	3a54c3270187cfff9cc927ff229521a3;40e791e74dc6d04e10b4b06065ce981d	2261479722;2303576092		Xishuangbanna3	China: Yunnan, Xishuangbanna	2017	whole body	one randomly chosen worker per colony	2
SRR23343483	PRJNA931733	SAMN33097036	D24	D24	Apis dorsata	Illumina NovaSeq 6000	WGS	GENOMIC	PAIRED	29904317	8971295100	ftp.sra.ebi.ac.uk/vol1/fastq/SRR233/083/SRR23343483/SRR23343483_1.fastq.gz;ftp.sra.ebi.ac.uk/vol1/fastq/SRR233/083/SRR23343483/SRR23343483_2.fastq.gz	8948b0c50d7ddec13b026cd37e87bc37;4b3bb4acfddefb44484e2d08f042fa07	2060094732;2110793259		Chongzuo1	China: Guangxi, Chongzuo	2017	whole body	one randomly chosen worker per colony	2
SRR23343484	PRJNA931733	SAMN33097035	D20	D20	Apis dorsata	Illumina NovaSeq 6000	WGS	GENOMIC	PAIRED	34341367	10302410100	ftp.sra.ebi.ac.uk/vol1/fastq/SRR233/084/SRR23343484/SRR23343484_1.fastq.gz;ftp.sra.ebi.ac.uk/vol1/fastq/SRR233/084/SRR23343484/SRR23343484_2.fastq.gz	931d2be3ce7944f46065303306625984;4adb71b0ca1c1e26f17e70b4c7b855e2	2380565823;2509736945		Baoting4	China: Hainan, Baoting	2017	whole body	one randomly chosen worker per colony	2
SRR23343485	PRJNA931733	SAMN33097034	D19	D19	Apis dorsata	Illumina NovaSeq 6000	WGS	GENOMIC	PAIRED	31208963	9362688900	ftp.sra.ebi.ac.uk/vol1/fastq/SRR233/085/SRR23343485/SRR23343485_1.fastq.gz;ftp.sra.ebi.ac.uk/vol1/fastq/SRR233/085/SRR23343485/SRR23343485_2.fastq.gz	4fb9497911fb91aead5265c06708b929;d20deec300e7e2b63a9de1c13a07f964	2175594023;2257388923		Baoting3	China: Hainan, Baoting	2017	whole body	one randomly chosen worker per colony	2
SRR23343486	PRJNA931733	SAMN33097033	D4	D4	Apis dorsata	Illumina NovaSeq 6000	WGS	GENOMIC	PAIRED	36288060	10886418000	ftp.sra.ebi.ac.uk/vol1/fastq/SRR233/086/SRR23343486/SRR23343486_1.fastq.gz;ftp.sra.ebi.ac.uk/vol1/fastq/SRR233/086/SRR23343486/SRR23343486_2.fastq.gz	de38ac37c6199ab3610981d20d9b088c;7f765101cca2a7e55a89442a33968e71	2451558105;2492207456		Baoting2	China: Hainan, Baoting	2017	whole body	one randomly chosen worker per colony	2
SRR23343487	PRJNA931733	SAMN33097032	D1	D1	Apis dorsata	Illumina NovaSeq 6000	WGS	GENOMIC	PAIRED	34733032	10419909600	ftp.sra.ebi.ac.uk/vol1/fastq/SRR233/087/SRR23343487/SRR23343487_1.fastq.gz;ftp.sra.ebi.ac.uk/vol1/fastq/SRR233/087/SRR23343487/SRR23343487_2.fastq.gz	bd3be5d32e0e2c318ce9dbd18cfc8d02;8bc017a79aef54713d81d0714cc19d46	2339929804;2389446949		Baoting1	China: Hainan, Baoting	2017	whole body	one randomly chosen worker per colony	2
SRR23343488	PRJNA931733	SAMN33097031	D22	D22	Apis dorsata	Illumina NovaSeq 6000	WGS	GENOMIC	PAIRED	30023569	9007070700	ftp.sra.ebi.ac.uk/vol1/fastq/SRR233/088/SRR23343488/SRR23343488_1.fastq.gz;ftp.sra.ebi.ac.uk/vol1/fastq/SRR233/088/SRR23343488/SRR23343488_2.fastq.gz	75fbda044556f4a738d500027c7635ed;1cac166d3493861d00261fa431fc26e9	2082039910;2192201573		Qiongzhong5	China: Hainan, Qiongzhong	2017	whole body	one randomly chosen worker per colony	2
SRR23343489	PRJNA931733	SAMN33097030	D21	D21	Apis dorsata	Illumina NovaSeq 6000	WGS	GENOMIC	PAIRED	30096345	9028903500	ftp.sra.ebi.ac.uk/vol1/fastq/SRR233/089/SRR23343489/SRR23343489_1.fastq.gz;ftp.sra.ebi.ac.uk/vol1/fastq/SRR233/089/SRR23343489/SRR23343489_2.fastq.gz	9c6c1ca7436b90c41472912ea8751031;562cc7caf26a0a66494be3f4afd77c46	2097097910;2176236156		Qiongzhong4	China: Hainan, Qiongzhong	2017	whole body	one randomly chosen worker per colony	2
SRR23343490	PRJNA931733	SAMN33097029	D6	D6	Apis dorsata	Illumina NovaSeq 6000	WGS	GENOMIC	PAIRED	26239698	7871909400	ftp.sra.ebi.ac.uk/vol1/fastq/SRR233/090/SRR23343490/SRR23343490_1.fastq.gz;ftp.sra.ebi.ac.uk/vol1/fastq/SRR233/090/SRR23343490/SRR23343490_2.fastq.gz	8e2c20fee30cb793b08837e228c3015d;75ff8d6a947196bc0e88359b206a4cc9	1832388208;1918356241		Qiongzhong3	China: Hainan, Qiongzhong	2017	whole body	one randomly chosen worker per colony	2
SRR23343491	PRJNA931733	SAMN33097028	D5	D5	Apis dorsata	Illumina NovaSeq 6000	WGS	GENOMIC	PAIRED	30147836	9044350800	ftp.sra.ebi.ac.uk/vol1/fastq/SRR233/091/SRR23343491/SRR23343491_1.fastq.gz;ftp.sra.ebi.ac.uk/vol1/fastq/SRR233/091/SRR23343491/SRR23343491_2.fastq.gz	d499e73b149c4f3ac0c0c730f56dd9c1;1b6a8bcaa7cac6b6f28391af26ad6ed4	2092289457;2176831004		Qiongzhong2	China: Hainan, Qiongzhong	2017	whole body	one randomly chosen worker per colony	2
SRR23343492	PRJNA931733	SAMN33097027	D3	D3	Apis dorsata	Illumina NovaSeq 6000	WGS	GENOMIC	PAIRED	33173451	9952035300	ftp.sra.ebi.ac.uk/vol1/fastq/SRR233/092/SRR23343492/SRR23343492_1.fastq.gz;ftp.sra.ebi.ac.uk/vol1/fastq/SRR233/092/SRR23343492/SRR23343492_2.fastq.gz	dc8e8895434a552374c5236ec5b390a3;8c84745331dab3031558a8e96841c991	2296755068;2352343786		Qiongzhong1	China: Hainan, Qiongzhong	2017	whole body	one randomly chosen worker per colony	2
SRR23343493	PRJNA931733	SAMN33097018	D9	D9	Apis dorsata	Illumina NovaSeq 6000	WGS	GENOMIC	PAIRED	25800889	7740266700	ftp.sra.ebi.ac.uk/vol1/fastq/SRR233/093/SRR23343493/SRR23343493_1.fastq.gz;ftp.sra.ebi.ac.uk/vol1/fastq/SRR233/093/SRR23343493/SRR23343493_2.fastq.gz	b27cb92caf1d1d2dcbc4ad15068fc3aa;3863ee54c81926c4bfca7f3e9e2dfaa4	1740740331;1806329889		Xishuangbanna2	China: Yunnan, Xishuangbanna	2017	whole body	one randomly chosen worker per colony	2
SRR23343494	PRJNA931733	SAMN33097017	D8	D8	Apis dorsata	Illumina NovaSeq 6000	WGS	GENOMIC	PAIRED	30100881	9030264300	ftp.sra.ebi.ac.uk/vol1/fastq/SRR233/094/SRR23343494/SRR23343494_1.fastq.gz;ftp.sra.ebi.ac.uk/vol1/fastq/SRR233/094/SRR23343494/SRR23343494_2.fastq.gz	65d4dafc63ada3cb09ab07e7b07e2741;884486b0091f869571803ecee635e652	2100016297;2200202272		Xishuangbanna1	China: Yunnan, Xishuangbanna	2017	whole body	one randomly chosen worker per colony	2
