assembly	focal_AL_position	role	scaffold	strand	protein_position	genomic_codon_positions_1based	reference_codon	reference_amino_acid
AL_Shangrila	254	primary	NW_025223857.1	-	254	656082,656081,656080	CTT	L
AL_Shangrila	452	within_species_comparison	NW_025223857.1	-	452	655180,655179,655178	ACA	T
AL_Shangrila	474	secondary	NW_025223857.1	-	474	655114,655113,655112	CAA	Q
AL_Shangrila	549	primary	NW_025223857.1	-	549	654770,654769,654768	TTG	L
AL_Shangrila	717	secondary	NW_025223857.1	-	717	654111,654110,654109	GCT	A
AL_Shangrila	727	secondary	NW_025223857.1	-	727	653986,653985,653984	GCT	A
AL_Shangrila	766	secondary	NW_025223857.1	-	766	653869,653868,653867	CTC	L
AL_Shangrila	822	within_species_comparison	NW_025223857.1	-	822	653625,653624,653623	ATA	I
AL_Shangrila	1134	primary	NW_025223857.1	-	1134	652446,652445,652444	TTT	F
AD_Malaysia	254	primary	NW_006263826.1	-	254	661513,661512,661511	TTT	F
AD_Malaysia	452	within_species_comparison	NW_006263826.1	-	449	660645,660644,660643	ACG	T
AD_Malaysia	474	secondary	NW_006263826.1	-	471	660579,660578,660577	AAA	K
AD_Malaysia	549	primary	NW_006263826.1	-	546	660252,660251,660250	TTT	F
AD_Malaysia	717	secondary	NW_006263826.1	-	714	659588,659587,659586	ACT	T
AD_Malaysia	727	secondary	NW_006263826.1	-	724	659471,659470,659469	GTT	V
AD_Malaysia	766	secondary	NW_006263826.1	-	763	659354,659353,659352	TTT	F
AD_Malaysia	822	within_species_comparison	NW_006263826.1	-	819	659110,659109,659108	GTA	V
AD_Malaysia	1134	primary	NW_006263826.1	-	1131	657921,657920,657919	CTT	L
AL_Pingbian	254	primary	GWHAOTM00000038	+	254	1677058,1677059,1677060	CTT	L
AL_Pingbian	452	within_species_comparison	GWHAOTM00000038	+	452	1677951,1677952,1677953	AGA	R
AL_Pingbian	474	secondary	GWHAOTM00000038	+	474	1678017,1678018,1678019	CAA	Q
AL_Pingbian	549	primary	GWHAOTM00000038	+	549	1678361,1678362,1678363	TTG	L
AL_Pingbian	717	secondary	GWHAOTM00000038	+	717	1679020,1679021,1679022	GCT	A
AL_Pingbian	727	secondary	GWHAOTM00000038	+	727	1679141,1679142,1679143	GCT	A
AL_Pingbian	766	secondary	GWHAOTM00000038	+	766	1679258,1679259,1679260	CTC	L
AL_Pingbian	822	within_species_comparison	GWHAOTM00000038	+	822	1679502,1679503,1679504	ATA	I
AL_Pingbian	1134	primary	GWHAOTM00000038	+	1134	1680681,1680682,1680683	TTT	F
AD_Thailand	254	primary	WJNQ01000516.1	+	254	15946,15947,15948	TTT	F
AD_Thailand	452	within_species_comparison	WJNQ01000516.1	+	449	16814,16815,16816	ACG	T
AD_Thailand	474	secondary	WJNQ01000516.1	+	471	16880,16881,16882	AAA	K
AD_Thailand	549	primary	WJNQ01000516.1	+	546	17210,17211,17212	TTT	F
AD_Thailand	717	secondary	WJNQ01000516.1	+	714	17928,17929,17930	ACT	T
AD_Thailand	727	secondary	WJNQ01000516.1	+	724	18045,18046,18047	GTT	V
AD_Thailand	766	secondary	WJNQ01000516.1	+	763	18162,18163,18164	TTT	F
AD_Thailand	822	within_species_comparison	WJNQ01000516.1	+	819	18406,18407,18408	ATA	I
AD_Thailand	1134	primary	WJNQ01000516.1	+	1131	19595,19596,19597	CTT	L
